Year,Month,Hour,Vehicle,Driver / Operator Type,City,State,Roadway Type,Roadway Surface,Roadway Description,Lighting,Weather - Clear,Weather - Snow,Weather - Cloudy,Weather - Fog/Smoke,Weather - Rain,Weather - Severe Wind,Weather - Unknown,Weather - Other,Weather - Other Text,Crash With,Highest Injury Severity Alleged,CP Pre-Crash Movement,CP Any Air Bags Deployed?,CP Was Vehicle Towed?,CP Contact Area - Rear Left,CP Contact Area - Left,CP Contact Area - Front Left,CP Contact Area - Rear,CP Contact Area - Top,CP Contact Area - Front,CP Contact Area - Rear Right,CP Contact Area - Right,CP Contact Area - Front Right,CP Contact Area - Bottom,CP Contact Area - Unknown,SV Pre-Crash Movement,SV Any Air Bags Deployed?,SV Was Vehicle Towed?,SV Were All Passengers Belted?,SV Pre-crash Speed - Unknown,SV Contact Area - Rear Left,SV Contact Area - Left,SV Contact Area - Front Left,SV Contact Area - Rear,SV Contact Area - Top,SV Contact Area - Front,SV Contact Area - Rear Right,SV Contact Area - Right,SV Contact Area - Front Right,SV Contact Area - Bottom,SV Contact Area - Unknown,Speed Difference Category,Mileage Category
2025,4,21,Tesla Model 3 2023,Consumer,Three Rivers,MI,Unknown,Unknown,Unknown,Unknown,N,N,N,N,N,N,Y,N,N,Unknown,Unknown,Unknown,Unknown,Unknown,N,N,N,N,N,N,N,N,N,N,Y,Unknown,Yes,Unknown,Unknown,N,N,N,N,N,N,N,N,N,N,N,Y,At or Below Limit,Very High
2025,4,22,Tesla Model S 2021,Consumer,Reno,NV,Street,Dry,Unknown,Daylight,Y,N,N,N,N,N,N,N,N,Unknown,Unknown,Unknown,Unknown,Unknown,N,N,N,N,N,N,N,N,N,N,Y,Unknown,Yes,Unknown,Unknown,N,N,N,N,N,N,N,N,N,N,N,Y,At or Below Limit,High
2025,4,13,Tesla Model Y 2023,Consumer,Myerstown,PA,Street,Dry,Unknown,Daylight,N,N,Y,N,N,N,N,N,N,Unknown,Unknown,Unknown,Unknown,Unknown,N,N,N,N,N,N,N,N,N,N,Y,Unknown,Yes,Unknown,Unknown,N,N,N,N,N,N,N,N,N,N,N,Y,Slightly Over,Very High
2025,4,19,Tesla Model X 2018,Consumer,Plant City,FL,Unknown,Unknown,Unknown,Unknown,N,N,N,N,N,N,Y,N,N,Unknown,Unknown,Unknown,Unknown,Unknown,N,N,N,N,N,N,N,N,N,N,Y,Unknown,Yes,Unknown,Unknown,N,N,N,N,N,N,N,N,N,N,N,Y,At or Below Limit,Very High
2025,4,20,Tesla Model 3 2025,Consumer,Del Valle,TX,Unknown,Unknown,Unknown,Unknown,N,N,N,N,N,N,Y,N,N,Unknown,Unknown,Unknown,Unknown,Unknown,N,N,N,N,N,N,N,N,N,N,Y,Unknown,No,Yes,Unknown,N,N,N,N,N,N,N,N,N,N,N,Y,At or Below Limit,Low
2022,7,1,Tesla Model Y 2021,Consumer,Chicago,IL,Unknown,Unknown,Unknown,Unknown,N,N,N,N,N,N,Y,N,N,Unknown,Unknown,Unknown,Unknown,Unknown,N,N,N,N,N,N,N,N,N,N,Y,Unknown,No,Yes,Unknown,N,N,N,N,N,N,N,N,N,N,N,Y,At or Below Limit,Medium
2025,4,2,Tesla Model 3 2020,Consumer,Conyers,GA,Highway / Freeway,Dry,No Unusual Conditions,Dark - Not Lighted,Y,N,N,N,N,N,N,N,N,Other Fixed Object,Unknown,Unknown,Unknown,Unknown,N,N,N,N,N,N,N,N,N,N,N,"Other, see Narrative",Yes,Unknown,Unknown,N,N,Y,Y,N,N,Y,N,N,Y,N,N,Slightly Over,Very High
2025,4,2,Lincoln Navigator 2025,Consumer,Dundee,MI,Highway / Freeway,Dry,No Unusual Conditions,Dark - Lighted,Y,N,N,N,N,N,N,N,N,Animal,No Injuries Reported,"Other, see Narrative",Unknown,Unknown,N,N,N,N,N,N,N,N,N,N,N,Proceeding Straight,No,Yes,Yes,N,N,N,N,N,N,Y,N,N,Y,N,N,Slightly Over,Low
2025,4,23,Tesla Model 3 2024,Consumer,Las Vegas,NV,Unknown,Unknown,Unknown,Unknown,N,N,N,N,N,N,Y,N,N,Unknown,Unknown,Unknown,Unknown,Unknown,N,N,N,N,N,N,N,N,N,N,Y,Unknown,Yes,Unknown,Unknown,N,N,N,N,N,N,N,N,N,N,N,Y,Significantly Over,Low
2025,4,23,Tesla Model 3 2020,Consumer,St. Louis,MO,Street,Dry,No Unusual Conditions,Daylight,N,N,Y,N,N,N,N,N,N,"Other, see Narrative",Unknown,Unknown,Unknown,Unknown,N,N,N,N,N,N,N,N,N,N,Y,Making Left Turn,Yes,Unknown,Unknown,N,N,N,Y,N,N,Y,N,N,N,N,N,At or Below Limit,High
2025,4,16,Tesla Model 3 2024,Consumer,Riverton,UT,Unknown,Unknown,Unknown,Unknown,N,N,N,N,N,N,Y,N,N,Unknown,Unknown,Unknown,Unknown,Unknown,N,N,N,N,N,N,N,N,N,N,Y,Unknown,Yes,Unknown,Unknown,N,N,N,N,N,N,N,N,N,N,N,Y,At or Below Limit,Low
2025,4,22,Tesla Model Y 2024,Consumer,South Wales,NY,Unknown,Unknown,Unknown,Unknown,N,N,N,N,N,N,Y,N,N,Unknown,Unknown,Unknown,Unknown,Unknown,N,N,N,N,N,N,N,N,N,N,Y,Unknown,Yes,Unknown,Unknown,N,N,N,N,N,N,N,N,N,N,N,Y,At or Below Limit,High
2025,4,13,Tesla Model 3 2025,Consumer,Charlotte,NC,Unknown,Unknown,Unknown,Unknown,N,N,N,N,N,N,Y,N,N,Unknown,Unknown,Unknown,Unknown,Unknown,N,N,N,N,N,N,N,N,N,N,Y,Unknown,Yes,Unknown,Unknown,N,N,N,N,N,N,N,N,N,N,N,Y,At or Below Limit,Low
2025,4,2,Tesla Model 3 2025,Consumer,Orlando,FL,Highway / Freeway,Dry,No Unusual Conditions,Dark - Lighted,Y,N,N,N,N,N,N,N,N,Passenger Car,Unknown,Proceeding Straight,Unknown,Unknown,Y,N,N,Y,N,N,Y,N,N,N,N,Proceeding Straight,Yes,Unknown,Unknown,N,N,N,Y,N,N,Y,N,N,Y,N,N,Moderately Over,Low
2025,4,21,Tesla Model Y 2023,Consumer,Allentown,PA,Highway / Freeway,Dry,Unknown,Daylight,N,N,Y,N,N,N,N,N,N,Unknown,Unknown,Unknown,Unknown,Unknown,N,N,N,N,N,N,N,N,N,N,Y,Unknown,Yes,Unknown,Unknown,N,N,N,N,N,N,N,N,N,N,N,Y,Moderately Over,Medium
2025,4,18,Tesla Model Y 2024,Consumer,Stockbridge,GA,Highway / Freeway,Dry,Unknown,Daylight,Y,N,N,N,N,N,N,N,N,Other Fixed Object,Unknown,Unknown,Unknown,Unknown,N,N,N,N,N,N,N,N,N,N,N,"Other, see Narrative",Yes,Unknown,Unknown,N,N,N,Y,N,N,Y,N,N,Y,N,N,At or Below Limit,High
2025,4,8,Tesla Model Y 2023,Consumer,Lewisville,TX,Intersection,Dry,Unknown,Dark - Lighted,Y,N,N,N,N,N,N,N,N,"Other, see Narrative",Unknown,Unknown,Unknown,Unknown,N,N,N,N,N,N,N,N,N,N,Y,Unknown,Yes,Unknown,Unknown,N,N,N,N,N,N,N,N,N,N,N,Y,At or Below Limit,Very High
2025,4,3,Tesla Model Y 2023,Consumer,Morrow,GA,Unknown,Unknown,Unknown,Unknown,N,N,N,N,N,N,Y,N,N,Unknown,Unknown,Unknown,Unknown,Unknown,N,N,N,N,N,N,N,N,N,N,Y,Unknown,Yes,Unknown,Unknown,N,N,N,N,N,N,N,N,N,N,N,Y,At or Below Limit,Very High
2025,4,19,Tesla Model 3 2019,Consumer,Aurora,CO,Highway / Freeway,Dry,No Unusual Conditions,Daylight,Y,N,N,N,N,N,N,N,N,SUV,Unknown,Changing Lanes,Unknown,Unknown,N,N,Y,N,N,Y,N,N,Y,N,N,Changing Lanes,No,Yes,Unknown,N,Y,N,N,Y,N,N,Y,N,N,N,N,At or Below Limit,Very High
2025,4,17,Tesla Cybertruck 2024,Consumer,El Paso,TX,Unknown,Unknown,Unknown,Unknown,N,N,N,N,N,N,Y,N,N,Unknown,Unknown,Unknown,Unknown,Unknown,N,N,N,N,N,N,N,N,N,N,Y,Unknown,Yes,Unknown,Unknown,N,N,N,N,N,N,N,N,N,N,N,Y,At or Below Limit,Low
2025,4,2,Tesla Model Y 2020,Consumer,Austin,TX,Highway / Freeway,Dry,No Unusual Conditions,Dark - Lighted,Y,N,N,N,N,N,N,N,N,SUV,Unknown,Lane / Road Departure,Unknown,Unknown,Y,N,N,N,N,N,N,N,N,N,N,Proceeding Straight,Yes,Unknown,Unknown,N,N,N,N,N,N,N,N,N,Y,N,N,At or Below Limit,Very High
2025,4,21,Tesla Model 3 2024,Consumer,West,TX,Highway / Freeway,Dry,No Unusual Conditions,Daylight,Y,N,N,N,N,N,N,N,N,Passenger Car,Unknown,Proceeding Straight,Unknown,Unknown,N,N,Y,N,N,Y,N,N,Y,N,N,Stopped,Yes,Unknown,Unknown,N,Y,N,N,Y,N,N,Y,N,N,N,N,At or Below Limit,Low
2025,4,20,Tesla Model X 2018,Consumer,Jericho,NY,Unknown,Unknown,Unknown,Unknown,N,N,N,N,N,N,Y,N,N,Unknown,Unknown,Unknown,Unknown,Unknown,N,N,N,N,N,N,N,N,N,N,Y,Unknown,Yes,Unknown,Unknown,N,N,N,N,N,N,N,N,N,N,N,Y,At or Below Limit,Very High
2024,10,6,GMC Sierra Crew Cab 2024,Consumer,JONESTOWN,PA,Highway / Freeway,Dry,No Unusual Conditions,Dark - Not Lighted,Y,N,N,N,N,N,N,N,N,Animal,No Injuries Reported,Unknown,Unknown,Unknown,N,N,N,N,N,N,N,N,N,N,N,Proceeding Straight,No,Yes,Yes,N,N,N,N,Y,N,N,N,N,N,N,N,Slightly Over,High
2025,4,22,Tesla Model S 2025,Consumer,Alamo Heights,TX,Unknown,Dry,Unknown,Daylight,Y,N,N,N,N,N,N,N,N,Unknown,Unknown,Unknown,Unknown,Unknown,N,N,N,N,N,N,N,N,N,N,Y,Unknown,Yes,Unknown,Unknown,N,N,N,N,N,N,N,N,N,N,N,Y,At or Below Limit,Low
2025,4,23,Tesla Model X 2016,Consumer,Phoenix,AZ,Unknown,Unknown,Unknown,Unknown,N,N,N,N,N,N,Y,N,N,Unknown,Unknown,Unknown,Unknown,Unknown,N,N,N,N,N,N,N,N,N,N,Y,Unknown,Yes,Unknown,Unknown,N,N,N,N,N,N,N,N,N,N,N,Y,At or Below Limit,Very High
2025,4,15,Tesla Model 3 2023,Consumer,Fort Worth,TX,Intersection,Dry,No Unusual Conditions,Daylight,N,N,Y,N,N,N,N,N,N,SUV,Unknown,Making Left Turn,Yes,Unknown,N,N,Y,N,N,N,N,N,N,N,N,Proceeding Straight,Yes,Unknown,Unknown,N,N,N,Y,N,N,N,N,N,N,N,N,At or Below Limit,Very High
2025,4,22,Tesla Model Y 2021,Consumer,Canton,GA,Highway / Freeway,Dry,No Unusual Conditions,Daylight,N,N,Y,N,N,N,N,N,N,SUV,Unknown,Making Left Turn,Unknown,Unknown,N,N,Y,N,N,Y,N,N,Y,N,N,Proceeding Straight,Yes,Unknown,Unknown,N,N,N,N,N,N,N,Y,Y,N,N,N,At or Below Limit,High
2025,4,21,Tesla Model 3 2018,Consumer,Williams,AZ,Unknown,Unknown,Unknown,Unknown,N,N,N,N,N,N,Y,N,N,Unknown,Unknown,Unknown,Unknown,Unknown,N,N,N,N,N,N,N,N,N,N,Y,Unknown,Yes,Unknown,Unknown,N,N,N,N,N,N,N,N,N,N,N,Y,At or Below Limit,Very High
2025,4,16,Chevrolet Bolt EUV 2023,Consumer,North Babylon,NY,Highway / Freeway,Dry,No Unusual Conditions,Daylight,N,N,Y,N,N,N,N,N,N,Unknown,No Injuries Reported,Changing Lanes,Unknown,Unknown,N,N,Y,N,N,Y,N,N,Y,N,N,Proceeding Straight,Yes,Unknown,Yes,N,Y,N,N,Y,N,N,Y,N,N,N,N,At or Below Limit,Medium
2025,3,15,Tesla Model Y 2021,Consumer,Madison,WI,Highway / Freeway,Dry,No Unusual Conditions,Daylight,Y,N,N,N,N,N,N,N,N,Other Fixed Object,Unknown,Unknown,Unknown,Unknown,N,N,N,N,N,N,N,N,N,N,N,Lane / Road Departure,Yes,Unknown,Unknown,N,N,Y,Y,N,N,Y,N,N,Y,N,N,At or Below Limit,Very High
2025,3,15,Tesla Cybertruck 2024,Consumer,South Jordan,UT,Street,Dry,No Unusual Conditions,Daylight,Y,N,N,N,N,N,N,N,N,Pickup Truck,Unknown,Proceeding Straight,Yes,Unknown,N,N,Y,N,N,Y,N,N,Y,N,N,Proceeding Straight,Yes,Unknown,Unknown,N,Y,N,N,N,N,N,N,N,N,N,N,At or Below Limit,Low
2025,3,13,Tesla Model 3 2025,Consumer,Houston,TX,Highway / Freeway,Dry,No Unusual Conditions,Dawn / Dusk,Y,N,N,N,N,N,N,N,N,Passenger Car,Unknown,Proceeding Straight,Unknown,Unknown,N,N,N,N,Y,Y,N,N,Y,N,N,Changing Lanes,No,Yes,Unknown,N,Y,Y,N,N,N,N,N,N,N,N,N,At or Below Limit,Low
2025,3,14,Tesla Model Y 2024,Consumer,South Jordan,UT,Highway / Freeway,Dry,No Unusual Conditions,Dawn / Dusk,N,N,Y,N,N,N,N,N,N,Other Fixed Object,Unknown,Unknown,Unknown,Unknown,N,N,N,N,N,N,N,N,N,N,N,Lane / Road Departure,Yes,Unknown,Unknown,N,Y,Y,Y,N,N,N,N,N,N,N,N,Moderately Over,Medium
2025,2,15,KIA NIRO 2023,Consumer,Hermiston,OR,Highway / Freeway,Dry,No Unusual Conditions,Daylight,Y,N,N,N,N,N,N,N,N,SUV,Minor,Proceeding Straight,No,No,N,N,N,N,N,N,Y,N,N,N,N,Proceeding Straight,No,Yes,Yes,N,N,N,Y,N,N,Y,N,N,Y,N,N,Slightly Over,High
2025,3,20,Tesla Model 3 2023,Consumer,Howell Township,NJ,Unknown,Unknown,Unknown,Unknown,N,N,N,N,N,N,Y,N,N,Unknown,Unknown,Unknown,Unknown,Unknown,N,N,N,N,N,N,N,N,N,N,Y,Unknown,Yes,Unknown,Unknown,N,N,N,N,N,N,N,N,N,N,N,Y,Slightly Over,Medium
2025,3,16,Tesla Model 3 2025,Consumer,Houston,TX,Street,Dry,No Unusual Conditions,Daylight,Y,N,N,N,N,N,N,N,N,Other Fixed Object,Unknown,Unknown,Unknown,Unknown,N,N,N,N,N,N,N,N,N,N,N,Making Right Turn,No,Yes,Unknown,N,N,Y,N,N,N,N,N,N,N,N,N,At or Below Limit,Low
2025,3,8,Tesla Model Y 2023,Consumer,Flushing,NY,Highway / Freeway,Dry,Unknown,Dark - Lighted,Y,N,N,N,N,N,N,N,N,Unknown,Unknown,Unknown,Unknown,Unknown,N,N,N,N,N,N,N,N,N,N,Y,Unknown,Yes,Unknown,Unknown,N,N,N,N,N,N,N,N,N,N,N,Y,Slightly Over,Low
2025,3,16,Tesla Model Y 2023,Consumer,Palm City,FL,Highway / Freeway,Dry,Unknown,Daylight,Y,N,N,N,N,N,N,N,N,Unknown,Unknown,Unknown,Unknown,Unknown,N,N,N,N,N,N,N,N,N,N,Y,Unknown,Yes,Unknown,Unknown,N,N,N,N,N,N,N,N,N,N,N,Y,Slightly Over,Medium
2025,3,6,Tesla Model 3 2023,Consumer,Mount Vernon,WA,Highway / Freeway,Wet,Traffic Incident,Dark - Lighted,N,N,N,N,Y,N,N,N,N,Passenger Car,Unknown,"Other, see Narrative",Unknown,Unknown,N,N,Y,N,N,Y,N,N,Y,N,N,Proceeding Straight,Yes,Unknown,Unknown,N,N,N,Y,N,N,Y,N,N,Y,N,N,Slightly Over,Low
2025,3,22,Tesla Model Y 2021,Consumer,Monteverde,FL,Highway / Freeway,Dry,Traffic Incident,Daylight,N,N,Y,N,N,N,N,N,N,SUV,Unknown,Stopped,Unknown,Unknown,N,N,N,Y,N,N,Y,N,N,N,N,Proceeding Straight,Yes,Unknown,Unknown,N,N,N,Y,N,N,Y,N,N,N,N,N,At or Below Limit,Very High
2025,3,22,Tesla Model 3 2020,Consumer,Lake Wales,FL,Unknown,Unknown,Unknown,Unknown,N,N,N,N,N,N,Y,N,N,Unknown,Unknown,Unknown,Unknown,Unknown,N,N,N,N,N,N,N,N,N,N,Y,Unknown,Yes,Unknown,Unknown,N,N,N,N,N,N,N,N,N,N,N,Y,At or Below Limit,Very High
2025,3,19,Tesla Model Y 2024,Consumer,McLean,VA,Intersection,Dry,No Unusual Conditions,Daylight,Y,N,N,N,N,N,N,N,N,SUV,Unknown,Proceeding Straight,Unknown,Unknown,N,N,N,N,N,N,N,Y,Y,N,N,Proceeding Straight,Yes,Unknown,Unknown,N,N,Y,Y,N,N,N,N,N,N,N,N,At or Below Limit,Medium
2025,3,18,Tesla Model 3 2020,Consumer,Fredericksburg,VA,Highway / Freeway,Wet,"Other, see Narrative",Dawn / Dusk,N,N,Y,N,N,N,N,N,N,"Other, see Narrative",Unknown,Unknown,Unknown,Unknown,N,N,N,N,N,N,N,N,N,N,Y,Proceeding Straight,Yes,Unknown,Unknown,N,N,N,Y,N,N,Y,N,N,Y,N,N,At or Below Limit,Very High
2025,3,12,Tesla Model Y 2024,Consumer,Colesville,MD,Unknown,Unknown,Unknown,Unknown,N,N,N,N,N,N,Y,N,N,Unknown,Unknown,Unknown,Unknown,Unknown,N,N,N,N,N,N,N,N,N,N,Y,Unknown,Yes,Unknown,Unknown,N,N,N,N,N,N,N,N,N,N,N,Y,At or Below Limit,Low
2025,3,23,Tesla Cybertruck 2024,Consumer,Redmond,OR,Unknown,Unknown,Unknown,Unknown,N,N,N,N,N,N,Y,N,N,Unknown,Unknown,Unknown,Unknown,Unknown,N,N,N,N,N,N,N,N,N,N,Y,Unknown,Yes,Unknown,Unknown,N,N,N,N,N,N,N,N,N,N,N,Y,At or Below Limit,Low
2025,3,2,Tesla Model Y 2024,Consumer,Otis,OR,Unknown,Unknown,Unknown,Unknown,N,N,N,N,N,N,Y,N,N,Unknown,Unknown,Unknown,Unknown,Unknown,N,N,N,N,N,N,N,N,N,N,Y,Unknown,Yes,Unknown,Unknown,N,N,N,N,N,N,N,N,N,N,N,Y,At or Below Limit,Medium
2025,3,17,Tesla Model Y 2021,Consumer,Greenwood,IN,Street,Dry,No Unusual Conditions,Daylight,Y,N,N,N,N,N,N,N,N,SUV,Unknown,Proceeding Straight,Unknown,Unknown,N,N,N,Y,N,N,Y,N,N,N,N,Proceeding Straight,Yes,Unknown,Unknown,N,N,N,Y,N,N,Y,N,N,N,N,N,At or Below Limit,High
2025,3,10,Tesla Model 3 2023,Consumer,Mt Pleasant,SC,Highway / Freeway,Dry,No Unusual Conditions,Dark - Lighted,Y,N,N,N,N,N,N,N,N,Passenger Car,Unknown,Changing Lanes,Unknown,Unknown,Y,Y,N,N,N,N,N,N,N,N,N,Proceeding Straight,Yes,Unknown,Unknown,N,N,N,N,N,N,N,N,Y,Y,N,N,Slightly Over,Very High
2025,3,14,Tesla Model 3 2024,Consumer,Fort Worth,TX,Highway / Freeway,Dry,No Unusual Conditions,Daylight,Y,N,N,N,N,N,N,N,N,Heavy Truck,Unknown,Lane / Road Departure,Unknown,Unknown,N,N,Y,N,N,Y,N,N,Y,N,N,Proceeding Straight,Yes,Unknown,Unknown,N,Y,Y,Y,N,N,N,N,N,N,N,N,Slightly Over,Low
2025,3,20,Tesla Model Y 2025,Consumer,Superior,CO,Unknown,Unknown,Unknown,Unknown,N,N,N,N,N,N,Y,N,N,Unknown,Unknown,Unknown,Unknown,Unknown,N,N,N,N,N,N,N,N,N,N,Y,Unknown,No,Yes,Unknown,N,N,N,N,N,N,N,N,N,N,N,Y,At or Below Limit,Low
2025,3,7,Tesla Cybertruck 2024,Consumer,Milwaukee,WI,Street,Dry,Unknown,Dark - Lighted,Y,N,N,N,N,N,N,N,N,Unknown,Unknown,Unknown,Unknown,Unknown,N,N,N,N,N,N,N,N,N,N,Y,Unknown,Yes,Unknown,Unknown,N,N,N,N,N,N,N,N,N,N,N,Y,At or Below Limit,Medium
2025,3,21,Tesla Model X 2016,Consumer,Scottsdale,AZ,Unknown,Unknown,Unknown,Unknown,N,N,N,N,N,N,Y,N,N,Unknown,Unknown,Unknown,Unknown,Unknown,N,N,N,N,N,N,N,N,N,N,Y,Unknown,Yes,Unknown,Unknown,N,N,N,N,N,N,N,N,N,N,N,Y,At or Below Limit,Very High
2025,3,0,Tesla Model 3 2024,Consumer,Phoenix,AZ,Unknown,Unknown,Unknown,Unknown,N,N,N,N,N,N,Y,N,N,Unknown,Unknown,Unknown,Unknown,Unknown,N,N,N,N,N,N,N,N,N,N,Y,Unknown,Yes,Unknown,Unknown,N,N,N,N,N,N,N,N,N,N,N,Y,At or Below Limit,Medium
2025,3,15,Tesla Model 3 2025,Consumer,Charlotte,NC,Highway / Freeway,Dry,No Unusual Conditions,Daylight,N,N,Y,N,N,N,N,N,N,Heavy Truck,Unknown,Changing Lanes,Unknown,Unknown,N,N,N,N,N,N,Y,Y,Y,N,N,Proceeding Straight,Yes,Unknown,Unknown,N,Y,N,N,N,N,N,N,N,N,N,N,Slightly Over,Low
2025,3,14,Tesla Model Y 2025,Consumer,Jackson,MS,Unknown,Unknown,Unknown,Unknown,N,N,N,N,N,N,Y,N,N,Unknown,Unknown,Unknown,Unknown,Unknown,N,N,N,N,N,N,N,N,N,N,Y,Unknown,Yes,Unknown,Unknown,N,N,N,N,N,N,N,N,N,N,N,Y,At or Below Limit,Low
2025,3,18,Tesla Model Y 2021,Consumer,Salt Lake City,UT,Highway / Freeway,Dry,No Unusual Conditions,Daylight,N,N,Y,N,N,N,N,N,N,Other Fixed Object,Unknown,Unknown,Unknown,Unknown,N,N,N,N,N,N,N,N,N,N,N,Lane / Road Departure,Yes,Unknown,Unknown,N,Y,Y,Y,N,N,N,N,N,N,N,N,Slightly Over,Very High
2025,3,16,Tesla Model X 2017,Consumer,Phoenix,AZ,Highway / Freeway,Dry,Traffic Incident,Daylight,Y,N,N,N,N,N,N,N,N,SUV,Unknown,Changing Lanes,No,Unknown,N,N,N,N,N,N,N,N,Y,N,N,Proceeding Straight,Yes,Unknown,Unknown,N,N,N,Y,N,N,N,N,N,N,N,N,At or Below Limit,Very High
2025,3,5,Tesla Model 3 2022,Consumer,Lansing,IL,Highway / Freeway,Dry,Unknown,Dark - Lighted,Y,N,N,N,N,N,N,N,N,Unknown,Unknown,Unknown,Unknown,Unknown,N,N,N,N,N,N,N,N,N,N,Y,Unknown,Yes,Unknown,Unknown,N,N,N,N,N,N,N,N,N,N,N,Y,At or Below Limit,Very High
2025,3,18,GMC Sierra 2024,Consumer,Deer Park,WA,Highway / Freeway,Dry,No Unusual Conditions,Dawn / Dusk,N,N,Y,N,N,N,N,N,N,"Other, see Narrative",Unknown,Proceeding Straight,Unknown,Unknown,N,Y,N,N,N,N,N,N,N,N,N,Proceeding Straight,Yes,Unknown,Yes,N,N,N,Y,N,N,Y,N,N,Y,N,N,Slightly Over,Medium
2025,3,14,Tesla Model Y 2023,Consumer,Burlington,NC,Highway / Freeway,Dry,No Unusual Conditions,Daylight,Y,N,N,N,N,N,N,N,N,Other Fixed Object,Unknown,Unknown,Unknown,Unknown,N,N,N,N,N,N,N,N,N,N,N,Lane / Road Departure,Yes,Unknown,Unknown,N,Y,Y,Y,N,N,N,N,N,N,N,N,Moderately Over,High
2025,3,7,Tesla Model 3 2018,Consumer,Carpentersville,IL,Unknown,Unknown,Unknown,Unknown,N,N,N,N,N,N,Y,N,N,Unknown,Unknown,Unknown,Unknown,Unknown,N,N,N,N,N,N,N,N,N,N,Y,Unknown,Yes,Unknown,Unknown,N,N,N,N,N,N,N,N,N,N,N,Y,Significantly Over,Very High
2025,2,18,Tesla Model S 2022,Consumer,Addison,IL,Highway / Freeway,Dry,No Unusual Conditions,Daylight,N,N,Y,N,N,N,N,N,N,SUV,Unknown,Lane / Road Departure,Unknown,Unknown,N,N,N,N,N,N,Y,N,N,N,N,Proceeding Straight,Yes,Unknown,Unknown,N,Y,Y,Y,N,N,N,N,N,N,N,N,Slightly Over,Medium
2025,2,16,Tesla Model Y 2023,Consumer,Seattle,WA,Highway / Freeway,Dry,Traffic Incident,Daylight,Y,N,N,N,N,N,N,N,N,SUV,Unknown,Stopped,Unknown,Unknown,Y,N,N,N,N,N,N,N,N,N,N,Proceeding Straight,Yes,Unknown,Unknown,N,N,N,N,N,N,N,N,N,Y,N,N,At or Below Limit,High
2025,2,21,Tesla Model 3 2025,Consumer,Harvest,AL,Unknown,Unknown,Unknown,Unknown,N,N,N,N,N,N,Y,N,N,Unknown,Unknown,Unknown,Unknown,Unknown,N,N,N,N,N,N,N,N,N,N,Y,Unknown,Yes,Unknown,Unknown,N,N,N,N,N,N,N,N,N,N,N,Y,Slightly Over,Low
2025,2,16,Tesla Model Y 2025,Consumer,Whippany,NJ,Unknown,Unknown,Unknown,Unknown,N,N,N,N,N,N,Y,N,N,Unknown,Unknown,Unknown,Unknown,Unknown,N,N,N,N,N,N,N,N,N,N,Y,Unknown,Yes,Unknown,Unknown,N,N,N,N,N,N,N,N,N,N,N,Y,Slightly Over,Low
2025,2,15,Tesla Model X 2022,Consumer,Mays Chapel,MD,Unknown,Unknown,Unknown,Unknown,N,N,N,N,N,N,Y,N,N,Unknown,Unknown,Unknown,Unknown,Unknown,N,N,N,N,N,N,N,N,N,N,Y,Unknown,Yes,Unknown,Unknown,N,N,N,N,N,N,N,N,N,N,N,Y,At or Below Limit,High
2024,2,17,Tesla Model X 2020,Consumer,South Holland,IL,Highway / Freeway,Dry,Traffic Incident,Daylight,Y,N,N,N,N,N,N,N,N,Passenger Car,Unknown,"Other, see Narrative",Yes,Unknown,N,N,Y,N,N,Y,N,N,N,N,N,Proceeding Straight,Yes,Unknown,Unknown,N,N,N,N,N,N,Y,N,N,Y,N,N,Moderately Over,High
2024,2,18,Tesla Model X 2020,Consumer,Scottsdale,AZ,Street,Dry,No Unusual Conditions,Daylight,N,N,Y,N,N,N,N,N,N,SUV,Unknown,Making Left Turn,Yes,Unknown,N,Y,N,N,N,N,N,N,N,N,N,Proceeding Straight,Yes,Unknown,Unknown,N,N,N,Y,N,N,Y,N,N,Y,N,N,At or Below Limit,High
2024,2,20,Tesla Model X 2018,Consumer,Mt Hood,OR,Unknown,Unknown,Unknown,Unknown,N,N,N,N,N,N,Y,N,N,Unknown,Unknown,Unknown,Unknown,Unknown,N,N,N,N,N,N,N,N,N,N,Y,Unknown,Yes,Unknown,Unknown,N,N,N,N,N,N,N,N,N,N,N,Y,At or Below Limit,Medium
2025,2,16,Tesla Model Y 2021,Consumer,Cromwell,CT,Highway / Freeway,Dry,No Unusual Conditions,Daylight,N,N,Y,N,N,N,N,N,N,Heavy Truck,Unknown,Changing Lanes,No,Unknown,N,N,Y,N,N,Y,N,N,Y,N,N,Proceeding Straight,Yes,Unknown,Unknown,N,Y,Y,Y,Y,N,Y,Y,N,Y,N,N,Slightly Over,Very High
2025,2,0,Tesla Model Y 2023,Consumer,Houston,TX,Street,Dry,No Unusual Conditions,Daylight,Y,N,N,N,N,N,N,N,N,"Other, see Narrative",Unknown,Unknown,Unknown,Unknown,N,N,N,N,N,N,N,N,N,N,Y,Making Right Turn,No,Yes,Unknown,N,N,Y,Y,N,N,Y,N,N,Y,N,N,At or Below Limit,Medium
2025,2,4,Tesla Model 3 2024,Consumer,Denton,TX,Unknown,Unknown,Unknown,Unknown,N,N,N,N,N,N,Y,N,N,Unknown,Unknown,Unknown,Unknown,Unknown,N,N,N,N,N,N,N,N,N,N,Y,Unknown,Yes,Unknown,Unknown,N,N,N,N,N,N,N,N,N,N,N,Y,At or Below Limit,Low
2025,2,17,Tesla Model Y 2025,Consumer,Johns Creek,GA,Unknown,Unknown,Unknown,Unknown,N,N,N,N,N,N,Y,N,N,Unknown,Unknown,Unknown,Unknown,Unknown,N,N,N,N,N,N,N,N,N,N,Y,Unknown,Yes,Unknown,Unknown,N,N,N,N,N,N,N,N,N,N,N,Y,At or Below Limit,Low