Year,Month,Hour,Vehicle,Driver / Operator Type,City,State,Roadway Type,Roadway Surface,Roadway Description,Lighting,Weather - Clear,Weather - Snow,Weather - Cloudy,Weather - Fog/Smoke,Weather - Rain,Weather - Severe Wind,Weather - Unknown,Weather - Other,Weather - Other Text,Crash With,Highest Injury Severity Alleged,CP Pre-Crash Movement,CP Any Air Bags Deployed?,CP Was Vehicle Towed?,CP Contact Area - Rear Left,CP Contact Area - Left,CP Contact Area - Front Left,CP Contact Area - Rear,CP Contact Area - Top,CP Contact Area - Front,CP Contact Area - Rear Right,CP Contact Area - Right,CP Contact Area - Front Right,CP Contact Area - Bottom,CP Contact Area - Unknown,SV Pre-Crash Movement,SV Any Air Bags Deployed?,SV Was Vehicle Towed?,SV Were All Passengers Belted?,SV Pre-crash Speed - Unknown,SV Contact Area - Rear Left,SV Contact Area - Left,SV Contact Area - Front Left,SV Contact Area - Rear,SV Contact Area - Top,SV Contact Area - Front,SV Contact Area - Rear Right,SV Contact Area - Right,SV Contact Area - Front Right,SV Contact Area - Bottom,SV Contact Area - Unknown,Speed Difference Category,Mileage Category
2025,2,15,Tesla Model Y 2024,Consumer,Franklin,TN,Unknown,Unknown,Unknown,Unknown,N,N,N,N,N,N,Y,N,N,Unknown,Unknown,Unknown,Unknown,Unknown,N,N,N,N,N,N,N,N,N,N,Y,Unknown,Yes,Unknown,Unknown,N,N,N,N,N,N,N,N,N,N,N,Y,At or Below Limit,High
2025,2,15,Tesla Model Y 2020,Consumer,Miami,FL,Unknown,Unknown,Unknown,Unknown,N,N,N,N,N,N,Y,N,N,Unknown,Unknown,Unknown,Unknown,Unknown,N,N,N,N,N,N,N,N,N,N,Y,Unknown,Yes,Unknown,Unknown,N,N,N,N,N,N,N,N,N,N,N,Y,At or Below Limit,Low
2024,1,3,Tesla Model X 2020,Consumer,Aurora,CO,Intersection,Dry,No Unusual Conditions,Dark - Lighted,Y,N,N,N,N,N,N,N,N,Passenger Car,Unknown,Making Left Turn,Unknown,Unknown,N,N,N,N,N,N,Y,Y,N,N,N,Proceeding Straight,Yes,Unknown,Unknown,N,N,N,Y,N,N,Y,N,N,Y,N,N,At or Below Limit,High
2024,1,2,Tesla Model 3 2022,Consumer,University Place,WA,Street,Dry,No Unusual Conditions,Dark - Lighted,Y,N,N,N,N,N,N,N,N,Passenger Car,Unknown,Traveling Wrong Way,Yes,Unknown,N,N,Y,N,N,Y,N,N,Y,N,N,Proceeding Straight,Yes,Unknown,Unknown,N,N,N,Y,N,N,Y,N,N,N,N,N,Slightly Over,High
2023,11,2,Tesla Model 3 2023,Consumer,Mundelein,IL,Rural Road,Dry,Unknown,Dark - Not Lighted,Y,N,N,N,N,N,N,N,N,Unknown,Unknown,Unknown,Unknown,Unknown,N,N,N,N,N,N,N,N,N,N,Y,Unknown,Yes,Unknown,Unknown,N,N,N,N,N,N,N,N,N,N,N,Y,At or Below Limit,High
2023,11,7,Tesla Model 3 2023,Consumer,Ann Arbor,MI,Unknown,Dry,Unknown,Dark - Lighted,Y,N,N,N,N,N,N,N,N,Unknown,Unknown,Unknown,Unknown,Unknown,N,N,N,N,N,N,N,N,N,N,Y,Unknown,Yes,Unknown,Unknown,N,N,N,N,N,N,N,N,N,N,N,Y,Slightly Over,High
2023,11,2,Tesla Model X 2016,Consumer,Mount Vernon,WA,Unknown,Unknown,Unknown,Unknown,N,N,N,N,N,N,Y,N,N,Unknown,Unknown,Unknown,Unknown,Unknown,N,N,N,N,N,N,N,N,N,N,Y,Unknown,Yes,Unknown,Unknown,N,N,N,N,N,N,N,N,N,N,N,Y,At or Below Limit,Very High
2025,2,12,Rivian R1S 2025,In-Vehicle (Commercial / Test),Newport,MI,Highway / Freeway,Dry,No Unusual Conditions,Daylight,Y,N,N,N,N,N,N,N,N,Heavy Truck,No Injuries Reported,Changing Lanes,Unknown,Unknown,Y,N,N,N,N,N,N,N,N,N,N,Proceeding Straight,No,Yes,Yes,N,N,N,N,N,N,Y,N,N,Y,N,N,Slightly Over,High
2025,2,21,Tesla Cybertruck 2024,Consumer,Butler,GA,Unknown,Unknown,Unknown,Unknown,N,N,N,N,N,N,Y,N,N,Unknown,Unknown,Unknown,Unknown,Unknown,N,N,N,N,N,N,N,N,N,N,Y,Unknown,Yes,Unknown,Unknown,N,N,N,N,N,N,N,N,N,N,N,Y,Slightly Over,Medium
2025,2,22,Tesla Model 3 2020,Consumer,Hewitt,NJ,Unknown,Unknown,Unknown,Unknown,N,N,N,N,N,N,Y,N,N,Unknown,Unknown,Unknown,Unknown,Unknown,N,N,N,N,N,N,N,N,N,N,Y,Unknown,Yes,Unknown,Unknown,N,N,N,N,N,N,N,N,N,N,N,Y,At or Below Limit,Very High
2025,2,20,Tesla Model 3 2024,Consumer,Silver Spring,MD,Unknown,Unknown,Unknown,Unknown,N,N,N,N,N,N,Y,N,N,Unknown,Unknown,Unknown,Unknown,Unknown,N,N,N,N,N,N,N,N,N,N,Y,Unknown,Yes,Unknown,Unknown,N,N,N,N,N,N,N,N,N,N,N,Y,At or Below Limit,Low
2025,2,20,Tesla Cybertruck 2024,Consumer,Apache Junction,AZ,Unknown,Unknown,Unknown,Unknown,N,N,N,N,N,N,Y,N,N,Unknown,Unknown,Unknown,Unknown,Unknown,N,N,N,N,N,N,N,N,N,N,Y,Unknown,Yes,Unknown,Unknown,N,N,N,N,N,N,N,N,N,N,N,Y,At or Below Limit,Medium
2025,2,3,Tesla Model 3 2020,Consumer,Quitman,GA,Street,Dry,No Unusual Conditions,Dark - Not Lighted,Y,N,N,N,N,N,N,N,N,Other Fixed Object,Unknown,Unknown,Unknown,Unknown,N,N,N,N,N,N,N,N,N,N,N,Proceeding Straight,Yes,Unknown,Unknown,N,N,N,N,N,Y,N,N,N,Y,Y,N,At or Below Limit,Very High
2025,2,1,Tesla Model X 2023,Consumer,Queen Creek,AZ,Unknown,Unknown,Unknown,Unknown,N,N,N,N,N,N,Y,N,N,Unknown,Unknown,Unknown,Unknown,Unknown,N,N,N,N,N,N,N,N,N,N,Y,Unknown,Yes,Unknown,Unknown,N,N,N,N,N,N,N,N,N,N,N,Y,At or Below Limit,High
2023,10,7,Tesla Model S 2020,Consumer,Jacksonville,FL,Street,Dry,No Unusual Conditions,Dark - Lighted,Y,N,N,N,N,N,N,N,N,"Other, see Narrative",Unknown,Unknown,Unknown,Unknown,N,N,N,N,N,N,N,N,N,N,Y,Lane / Road Departure,Yes,Unknown,Unknown,N,N,N,Y,N,N,Y,N,N,Y,Y,N,At or Below Limit,High
2023,10,3,Tesla Model Y 2023,Consumer,East Hanover,NJ,Street,Dry,No Unusual Conditions,Dark - Lighted,Y,N,N,N,N,N,N,N,N,Passenger Car,Unknown,Stopped,Unknown,Unknown,Y,N,N,Y,N,N,Y,N,N,N,N,Proceeding Straight,Yes,Unknown,Unknown,N,N,N,Y,N,N,Y,N,N,Y,N,N,At or Below Limit,Low
2023,9,7,Tesla Model Y 2023,Consumer,Kent,WA,Street,Wet,No Unusual Conditions,Dark - Not Lighted,Y,N,N,N,N,N,N,N,N,"Other, see Narrative",Unknown,Unknown,Unknown,Unknown,N,N,N,N,N,N,N,N,N,N,Y,Lane / Road Departure,Yes,Unknown,Unknown,N,N,N,Y,N,N,Y,N,N,Y,Y,N,At or Below Limit,Medium
2023,9,10,Tesla Model 3 2023,Consumer,Holmdel,NJ,Highway / Freeway,Dry,No Unusual Conditions,Dawn / Dusk,Y,N,N,N,N,N,N,N,N,Animal,Unknown,"Other, see Narrative",Unknown,Unknown,N,N,N,N,N,N,N,N,N,N,N,Proceeding Straight,Yes,Unknown,Unknown,N,N,N,Y,N,N,Y,N,N,Y,N,N,Moderately Over,High
2025,2,9,Tesla Model Y 2024,Consumer,Dallas,TX,Unknown,Unknown,Unknown,Unknown,Y,N,N,N,N,N,N,N,N,"Other, see Narrative",No Injuries Reported,Unknown,Unknown,Unknown,N,N,N,N,N,N,N,N,N,N,Y,Unknown,No,Yes,Unknown,N,N,N,N,N,N,N,N,N,N,N,Y,At or Below Limit,Low
2025,2,14,Tesla Model S 2024,Consumer,Gurnee,IL,Unknown,Unknown,Unknown,Unknown,N,N,N,N,N,N,Y,N,N,Unknown,Unknown,Unknown,Unknown,Unknown,N,N,N,N,N,N,N,N,N,N,Y,Unknown,Yes,Unknown,Unknown,N,N,N,N,N,N,N,N,N,N,N,Y,Moderately Over,High
2025,2,1,Tesla Model Y 2023,Consumer,Coconut Creek,FL,Unknown,Unknown,Unknown,Unknown,Y,N,N,N,N,N,N,N,N,Other Fixed Object,No Injuries Reported,Unknown,Unknown,Unknown,N,N,N,N,N,N,N,N,N,N,N,Unknown,No,Yes,Unknown,N,N,N,N,N,N,N,N,N,N,Y,N,At or Below Limit,Medium
2025,2,0,Tesla Model Y 2025,Consumer,Alpharetta,GA,Unknown,Unknown,Unknown,Unknown,N,N,N,N,N,N,Y,N,N,Unknown,Unknown,Unknown,Unknown,Unknown,N,N,N,N,N,N,N,N,N,N,Y,Unknown,Yes,Unknown,Unknown,N,N,N,N,N,N,N,N,N,N,N,Y,Slightly Over,Low
2025,2,16,Tesla Model X 2023,Consumer,Tomkins Cove,NY,Unknown,Unknown,Unknown,Unknown,N,N,N,N,N,N,Y,N,N,Unknown,Unknown,Unknown,Unknown,Unknown,N,N,N,N,N,N,N,N,N,N,Y,Unknown,Yes,Unknown,Unknown,N,N,N,N,N,N,N,N,N,N,N,Y,At or Below Limit,High
2025,2,5,Tesla Cybertruck 2024,Consumer,Reno,NV,Unknown,Unknown,Unknown,Unknown,N,N,N,N,N,N,Y,N,N,Other Fixed Object,Unknown,Unknown,Unknown,Unknown,N,N,N,N,N,N,N,N,N,N,N,Unknown,Yes,Unknown,Unknown,N,N,N,N,N,N,N,N,N,Y,N,N,At or Below Limit,Medium
2025,2,1,Tesla Model Y 2024,Consumer,Gilbert,AZ,Unknown,Unknown,Unknown,Unknown,N,N,N,N,N,N,Y,N,N,Unknown,Unknown,Unknown,Unknown,Unknown,N,N,N,N,N,N,N,N,N,N,Y,Unknown,Yes,Unknown,Unknown,N,N,N,N,N,N,N,N,N,N,N,Y,At or Below Limit,Low
2025,2,19,Tesla Model 3 2025,Consumer,Durham,NC,Unknown,Unknown,Unknown,Unknown,N,N,N,N,N,N,Y,N,N,Unknown,Unknown,Unknown,Unknown,Unknown,N,N,N,N,N,N,N,N,N,N,Y,Unknown,Yes,Unknown,Unknown,N,N,N,N,N,N,N,N,N,N,N,Y,At or Below Limit,Low
2025,2,13,Tesla Model 3 2020,Consumer,Chicago,IL,Highway / Freeway,Dry,No Unusual Conditions,Dark - Lighted,Y,N,N,N,N,N,N,N,N,"Other, see Narrative",Unknown,Proceeding Straight,Unknown,Unknown,N,N,Y,N,N,Y,N,N,Y,N,N,Proceeding Straight,Yes,Unknown,Unknown,N,Y,N,Y,Y,N,Y,Y,N,Y,N,N,At or Below Limit,Very High
2025,1,21,Tesla Model S 2016,Consumer,Plano,TX,Unknown,Unknown,Unknown,Unknown,N,N,N,N,N,N,Y,N,N,Unknown,Unknown,Unknown,Unknown,Unknown,N,N,N,N,N,N,N,N,N,N,Y,Unknown,Yes,Unknown,Unknown,N,N,N,N,N,N,N,N,N,N,N,Y,At or Below Limit,Very High
2023,9,11,Tesla Model Y 2023,Consumer,San Marcos,TX,Highway / Freeway,Dry,No Unusual Conditions,Dark - Lighted,Y,N,N,N,N,N,N,N,N,"Other, see Narrative",Unknown,Unknown,Unknown,Unknown,N,N,N,N,N,N,N,N,N,N,Y,Lane / Road Departure,Yes,Unknown,Unknown,N,Y,Y,Y,N,N,Y,N,N,Y,N,N,Slightly Over,Medium
2023,9,22,Tesla Model Y 2023,Consumer,Kanab,UT,Highway / Freeway,Dry,No Unusual Conditions,Daylight,Y,N,N,N,N,N,N,N,N,Other Fixed Object,Unknown,Unknown,Unknown,Unknown,N,N,N,N,N,N,N,N,N,N,N,Lane / Road Departure,Yes,Unknown,Unknown,N,N,Y,Y,N,N,Y,N,Y,Y,Y,N,At or Below Limit,High
2023,9,23,Tesla Model X 2018,Consumer,Dallas,TX,Intersection,Dry,No Unusual Conditions,Daylight,N,N,Y,N,N,N,N,N,N,Pickup Truck,Unknown,Proceeding Straight,Unknown,Unknown,N,N,N,N,N,N,N,N,N,N,Y,Proceeding Straight,Yes,Unknown,Unknown,N,Y,Y,Y,N,N,N,N,N,N,N,N,At or Below Limit,Very High
2023,9,21,Tesla Model Y 2021,Consumer,Nashua,NH,Highway / Freeway,Wet,No Unusual Conditions,Daylight,N,N,Y,N,Y,N,N,N,N,Other Fixed Object,Unknown,Unknown,Unknown,Unknown,N,N,N,N,N,N,N,N,N,N,N,Lane / Road Departure,Yes,Unknown,Unknown,N,N,N,Y,N,N,Y,N,N,Y,N,N,At or Below Limit,High
2025,1,11,Tesla Model S 2022,Consumer,Alpharetta,GA,Traffic Circle,Dry,No Unusual Conditions,Dark - Lighted,N,N,Y,N,N,N,N,N,N,Pole / Tree,Unknown,Unknown,Unknown,Unknown,N,N,N,N,N,N,N,N,N,N,N,Unknown,Yes,Unknown,Unknown,N,N,N,N,N,N,Y,Y,Y,Y,Y,N,At or Below Limit,High
2025,2,3,Tesla Model 3 2023,Consumer,Tumwater,WA,Unknown,Unknown,Unknown,Unknown,N,N,N,N,N,N,Y,N,N,Unknown,Unknown,Unknown,Unknown,Unknown,N,N,N,N,N,N,N,N,N,N,Y,Unknown,Yes,Unknown,Unknown,N,N,N,N,N,N,N,N,N,N,N,Y,At or Below Limit,Medium
2025,2,17,Tesla Model Y 2023,Consumer,Cowpens,SC,Unknown,Unknown,Unknown,Unknown,N,N,N,N,N,N,Y,N,N,Unknown,Unknown,Unknown,Unknown,Unknown,N,N,N,N,N,N,N,N,N,N,Y,Unknown,Yes,Unknown,Unknown,N,N,N,N,N,N,N,N,N,N,N,Y,Moderately Over,High
2025,2,3,Tesla Model 3 2025,Consumer,Lexington,KY,Unknown,Unknown,Unknown,Unknown,N,N,N,N,N,N,Y,N,N,Unknown,Unknown,Unknown,Unknown,Unknown,N,N,N,N,N,N,N,N,N,N,Y,Unknown,Yes,Unknown,Unknown,N,N,N,N,N,N,N,N,N,N,N,Y,At or Below Limit,Low
2025,1,20,Tesla Model X 2019,Consumer,Maumee,OH,Unknown,Unknown,Unknown,Unknown,N,N,N,N,N,N,Y,N,N,Unknown,Unknown,Unknown,Unknown,Unknown,N,N,N,N,N,N,N,N,N,N,Y,Unknown,Yes,Unknown,Unknown,N,N,N,N,N,N,N,N,N,N,N,Y,At or Below Limit,High
2025,1,15,Tesla Model 3 2025,Consumer,Rogers,AR,Unknown,Unknown,Unknown,Unknown,N,N,N,N,N,N,Y,N,N,Unknown,Unknown,Unknown,Unknown,Unknown,N,N,N,N,N,N,N,N,N,N,Y,Unknown,Yes,Unknown,Unknown,N,N,N,N,N,N,N,N,N,N,N,Y,At or Below Limit,Low
2023,9,22,Tesla Model Y 2022,Consumer,Houston,TX,Intersection,Dry,No Unusual Conditions,Daylight,Y,N,N,N,N,N,N,N,N,Passenger Car,Unknown,Proceeding Straight,Yes,Unknown,Y,Y,Y,N,N,N,N,N,N,N,N,Proceeding Straight,Yes,Unknown,Unknown,N,N,N,Y,N,N,Y,N,N,Y,N,N,Moderately Over,Medium
2023,9,16,Tesla Model Y 2022,Consumer,Hartford,CT,Intersection,Dry,No Unusual Conditions,Daylight,N,N,Y,N,N,N,N,N,N,SUV,Unknown,Proceeding Straight,Yes,Unknown,Y,Y,Y,N,N,N,N,N,N,N,N,Proceeding Straight,Yes,Unknown,Unknown,N,N,N,Y,N,N,Y,N,N,Y,N,N,Moderately Over,High
2023,9,3,Tesla Model X 2019,Consumer,Norwalk,CT,Highway / Freeway,Dry,No Unusual Conditions,Dark - Not Lighted,Y,N,N,N,N,N,N,N,N,Other Fixed Object,Unknown,Unknown,Unknown,Unknown,N,N,N,N,N,N,N,N,N,N,N,Lane / Road Departure,Yes,Unknown,Unknown,N,Y,Y,Y,N,N,Y,Y,Y,Y,N,N,At or Below Limit,High
2023,8,16,Tesla Model Y 2023,Consumer,Dedham,MA,Highway / Freeway,Dry,No Unusual Conditions,Daylight,N,N,Y,N,N,N,N,N,N,Heavy Truck,Unknown,Lane / Road Departure,Unknown,Unknown,N,Y,N,N,N,N,N,N,N,N,N,Lane / Road Departure,Yes,Unknown,Unknown,N,Y,Y,Y,N,N,Y,Y,Y,Y,N,N,Moderately Over,Low
2023,8,23,Tesla Model 3 2023,Consumer,Braintree,MA,Highway / Freeway,Dry,No Unusual Conditions,Dawn / Dusk,N,N,Y,N,N,N,N,N,N,Other Fixed Object,Unknown,Unknown,Unknown,Unknown,N,N,N,N,N,N,N,N,N,N,N,Lane / Road Departure,Yes,Unknown,Unknown,N,Y,Y,Y,N,N,Y,Y,Y,Y,N,N,Slightly Over,Low
2023,8,15,Tesla Model 3 2023,Consumer,Hialeah Gardens,FL,Highway / Freeway,Wet,No Unusual Conditions,Daylight,N,N,Y,N,Y,N,N,N,N,Other Fixed Object,Unknown,Unknown,Unknown,Unknown,N,N,N,N,N,N,N,N,N,N,N,Lane / Road Departure,Yes,Unknown,Unknown,N,N,N,Y,N,N,Y,N,N,Y,N,N,At or Below Limit,High
2023,8,8,Tesla Model X 2017,Consumer,Bunkerville,NV,Highway / Freeway,Dry,"Other, see Narrative",Dark - Not Lighted,Y,N,N,N,N,N,N,N,N,"Other, see Narrative",Unknown,Stopped,Unknown,Unknown,Y,N,N,Y,N,N,Y,N,N,N,N,Proceeding Straight,Yes,Unknown,Unknown,N,N,N,Y,N,N,Y,N,N,Y,N,N,At or Below Limit,Very High
2025,2,9,GMC Acadia 2024,Consumer,New Haven,IN,Highway / Freeway,Snow / Slush / Ice,No Unusual Conditions,Daylight,N,Y,N,N,N,N,N,N,N,Other Fixed Object,Unknown,Unknown,Unknown,Unknown,N,N,N,N,N,N,N,N,N,N,N,Proceeding Straight,Yes,Unknown,Yes,N,N,N,Y,N,N,N,N,N,N,N,N,At or Below Limit,Low
2025,1,13,Tesla Model 3 2022,Consumer,Atlanta,GA,Unknown,Unknown,Unknown,Unknown,N,N,N,N,N,N,Y,N,N,Unknown,Unknown,Unknown,Unknown,Unknown,N,N,N,N,N,N,N,N,N,N,Y,Unknown,Yes,Unknown,Unknown,N,N,N,N,N,N,N,N,N,N,N,Y,At or Below Limit,High
2024,12,5,Tesla Model Y 2021,Consumer,Kenansville,FL,Highway / Freeway,Dry,No Unusual Conditions,Dark - Not Lighted,Y,N,N,N,N,N,N,N,N,Other Fixed Object,Unknown,Unknown,Unknown,Unknown,N,N,N,N,N,N,N,N,N,N,N,Lane / Road Departure,No,Yes,Unknown,N,Y,Y,Y,N,N,N,N,N,N,N,N,At or Below Limit,Very High
2025,1,15,Tesla Model Y 2024,Consumer,Drums,PA,Unknown,Unknown,Unknown,Unknown,N,N,N,N,N,N,Y,N,N,Unknown,Unknown,Unknown,Unknown,Unknown,N,N,N,N,N,N,N,N,N,N,Y,Unknown,Yes,Unknown,Unknown,N,N,N,N,N,N,N,N,N,N,N,Y,At or Below Limit,Low
2025,1,12,Tesla Model X 2020,Consumer,Terra Ceia,FL,Highway / Freeway,Wet,No Unusual Conditions,Dawn / Dusk,N,N,Y,N,Y,N,N,N,N,Passenger Car,Unknown,Proceeding Straight,Unknown,Unknown,N,N,Y,N,N,Y,N,N,Y,N,N,Proceeding Straight,Yes,Unknown,Unknown,N,Y,N,Y,Y,N,Y,Y,N,Y,N,N,At or Below Limit,Very High
2025,1,0,Tesla Model 3 2024,Consumer,Lewisville,TX,Unknown,Unknown,Unknown,Unknown,N,N,N,N,N,N,Y,N,N,Unknown,Unknown,Unknown,Unknown,Unknown,N,N,N,N,N,N,N,N,N,N,Y,Unknown,Yes,Unknown,Unknown,N,N,N,N,N,N,N,N,N,N,N,Y,At or Below Limit,Low
2024,12,7,Tesla Model Y 2024,Consumer,Slidell,LA,Highway / Freeway,Unknown,No Unusual Conditions,Dark - Not Lighted,N,N,N,Y,N,N,N,N,N,Other Fixed Object,Unknown,Unknown,Unknown,Unknown,N,N,N,N,N,N,N,N,N,N,N,Lane / Road Departure,No,Yes,Unknown,N,Y,Y,Y,N,N,N,N,N,N,N,N,Slightly Over,Low
2023,7,22,Tesla Model X 2018,Consumer,Vantage,WA,Unknown,Unknown,Unknown,Unknown,N,N,N,N,N,N,Y,N,N,Unknown,Unknown,Unknown,Unknown,Unknown,N,N,N,N,N,N,N,N,N,N,Y,Unknown,Yes,Unknown,Unknown,N,N,N,N,N,N,N,N,N,N,N,Y,Slightly Over,Very High
2023,7,13,Tesla Model 3 2021,Consumer,Charlotte,NC,Highway / Freeway,Dry,No Unusual Conditions,Daylight,Y,N,N,N,N,N,N,N,N,Passenger Car,Unknown,Unknown,Unknown,Unknown,N,N,N,Y,N,N,Y,N,N,N,N,Lane / Road Departure,Yes,Unknown,Unknown,N,N,N,Y,N,N,N,N,N,N,N,N,At or Below Limit,High
2023,7,22,Tesla Model 3 2021,Consumer,West Nantmeal Township,PA,Unknown,Unknown,Unknown,Unknown,N,N,N,N,N,N,Y,N,N,Unknown,Unknown,Unknown,Unknown,Unknown,N,N,N,N,N,N,N,N,N,N,Y,Unknown,Yes,Unknown,Unknown,N,N,N,N,N,N,N,N,N,N,N,Y,At or Below Limit,Very High
2025,1,3,Tesla Model Y 2024,Consumer,Little Canada,MN,Unknown,Unknown,Unknown,Unknown,N,N,N,N,N,N,Y,N,N,Unknown,Unknown,Unknown,Unknown,Unknown,N,N,N,N,N,N,N,N,N,N,Y,Unknown,No,Yes,Unknown,N,N,N,N,N,N,N,N,N,N,N,Y,Moderately Over,Low
2025,1,14,Tesla Model Y 2025,Consumer,Daytona Beach,FL,Unknown,Unknown,Unknown,Unknown,N,N,N,N,N,N,Y,N,N,Unknown,Unknown,Unknown,Unknown,Unknown,N,N,N,N,N,N,N,N,N,N,Y,Unknown,Yes,Unknown,Unknown,N,N,N,N,N,N,N,N,N,N,N,Y,Slightly Over,Low
2025,1,14,Tesla Model S 2023,Consumer,Beaver Falls,PA,Unknown,Unknown,Unknown,Unknown,N,N,N,N,N,N,Y,N,N,Unknown,Unknown,Unknown,Unknown,Unknown,N,N,N,N,N,N,N,N,N,N,Y,Unknown,Yes,Unknown,Unknown,N,N,N,N,N,N,N,N,N,N,N,Y,At or Below Limit,Medium
2025,1,17,Cadillac Escalade ESV 2023,Consumer,New Carlisle,IN,Highway / Freeway,Dry,No Unusual Conditions,Daylight,Y,N,N,N,N,N,N,N,N,Pole / Tree,Unknown,Unknown,Unknown,Unknown,N,N,N,N,N,N,N,N,N,N,N,Lane / Road Departure,Yes,Unknown,Yes,N,N,N,N,N,N,Y,N,N,N,N,N,Slightly Over,Low
2025,1,21,Tesla Model Y 2025,Consumer,Chicago,IL,Highway / Freeway,Dry,No Unusual Conditions,Daylight,Y,N,N,N,N,N,N,N,N,Passenger Car,Unknown,Proceeding Straight,Unknown,Unknown,N,N,Y,N,N,Y,N,N,N,N,N,"Other, see Narrative",No,Yes,Unknown,N,N,N,Y,Y,N,Y,Y,N,Y,N,N,At or Below Limit,Low
2025,1,10,Tesla Model 3 2023,Consumer,Hanover,MD,Rural Road,Dry,No Unusual Conditions,Dark - Not Lighted,Y,N,N,N,N,N,N,N,N,"Other, see Narrative",Unknown,Unknown,Unknown,Unknown,N,N,N,N,N,N,N,N,N,N,Y,Lane / Road Departure,No,Yes,Unknown,N,N,N,Y,N,N,Y,N,N,Y,N,N,At or Below Limit,Very High
2025,1,23,Tesla Model X 2024,Consumer,Enfield,CT,Unknown,Unknown,Unknown,Unknown,N,N,N,N,N,N,Y,N,N,Unknown,Unknown,Unknown,Unknown,Unknown,N,N,N,N,N,N,N,N,N,N,Y,Unknown,Yes,Unknown,Unknown,N,N,N,N,N,N,N,N,N,N,N,Y,At or Below Limit,Medium
2025,1,4,Tesla Model 3 2024,Consumer,Franklin Square,NY,Unknown,Unknown,Unknown,Unknown,N,N,N,N,N,N,Y,N,N,Unknown,Unknown,Unknown,Unknown,Unknown,N,N,N,N,N,N,N,N,N,N,Y,Unknown,Yes,Unknown,Unknown,N,N,N,N,N,N,N,N,N,N,N,Y,Slightly Over,Low
2025,1,17,Chevrolet Traverse 2024,Consumer,Granville,PA,Highway / Freeway,Dry,No Unusual Conditions,Dawn / Dusk,Y,N,N,N,N,N,N,N,N,Other Fixed Object,Unknown,Unknown,Unknown,Unknown,N,N,N,N,N,N,N,N,N,N,N,Unknown,Yes,Unknown,"No, see Narrative",N,N,Y,N,N,N,N,N,Y,N,N,N,Significantly Over,Medium
2025,1,19,Tesla Model Y 2023,In-Vehicle (Commercial / Test),Kansas City,MO,Street,Dry,No Unusual Conditions,Daylight,N,N,Y,N,N,N,N,N,N,SUV,Unknown,Proceeding Straight,Unknown,Unknown,N,N,Y,N,N,Y,N,N,Y,N,N,Merging,No,Yes,Yes,N,Y,N,N,Y,N,N,Y,N,N,N,N,At or Below Limit,Low
2024,11,11,Tesla Model S 2016,Consumer,Lynchburg,VA,Unknown,Unknown,Unknown,Unknown,N,N,N,N,N,N,Y,N,N,Other Fixed Object,Unknown,Unknown,Unknown,Unknown,N,N,N,N,N,N,N,N,N,N,N,Unknown,Yes,Unknown,Unknown,N,N,N,N,N,N,N,N,N,N,N,Y,At or Below Limit,Very High
2023,8,17,Tesla Model 3 2023,Consumer,Mesquite,TX,Highway / Freeway,Dry,No Unusual Conditions,Daylight,Y,N,N,N,N,N,N,N,N,Passenger Car,Unknown,Proceeding Straight,Unknown,Unknown,N,N,N,N,N,N,Y,N,N,N,N,"Other, see Narrative",Yes,Unknown,Unknown,N,Y,Y,Y,N,N,N,N,N,N,N,N,At or Below Limit,Low
2023,7,23,Tesla Model Y 2022,Consumer,Ogden,UT,Street,Dry,No Unusual Conditions,Daylight,Y,N,Y,N,N,N,N,N,N,Passenger Car,Unknown,Making Left Turn,Unknown,Unknown,N,N,N,N,N,Y,N,Y,Y,N,N,Proceeding Straight,Yes,Unknown,Unknown,N,N,Y,Y,N,N,Y,N,N,N,N,N,Slightly Over,Medium
2023,7,15,Tesla Model 3 2023,Consumer,West Windsor Township,NJ,Highway / Freeway,Wet,No Unusual Conditions,Daylight,N,N,Y,N,Y,N,N,N,N,Passenger Car,Unknown,Stopped,Unknown,Unknown,Y,N,N,Y,N,N,Y,N,N,N,N,Proceeding Straight,Yes,Unknown,Unknown,N,N,N,Y,N,N,Y,N,N,Y,N,N,At or Below Limit,High
2023,7,11,Tesla Model Y 2023,Consumer,Danbury,PA,Highway / Freeway,Dry,No Unusual Conditions,Daylight,N,N,Y,N,N,N,N,N,N,Other Fixed Object,Unknown,Unknown,Unknown,Unknown,N,N,N,N,N,N,N,N,N,N,N,Lane / Road Departure,Yes,Unknown,Unknown,N,Y,Y,Y,N,N,N,N,N,N,N,N,Significantly Over,Medium
2023,7,12,Tesla Model Y 2021,Consumer,Northfield,WI,Highway / Freeway,Wet,No Unusual Conditions,Daylight,N,N,Y,N,Y,N,N,N,N,Passenger Car,Unknown,Lane / Road Departure,Yes,Unknown,Y,Y,Y,N,N,N,Y,N,N,N,N,Proceeding Straight,Yes,Unknown,Unknown,N,N,N,Y,N,N,Y,N,Y,Y,N,N,Slightly Over,Very High
2023,7,19,Tesla Model Y 2022,Consumer,McCartys Village,NM,Highway / Freeway,Dry,No Unusual Conditions,Daylight,Y,N,N,N,N,N,N,N,N,"Other, see Narrative",Unknown,Unknown,Unknown,Unknown,N,N,N,N,N,N,N,N,N,N,Y,Proceeding Straight,Yes,Unknown,Unknown,N,N,Y,N,N,N,N,N,N,N,N,N,Slightly Over,Medium
2023,6,23,Tesla Model X 2022,Consumer,Pleasantville,NJ,Highway / Freeway,Dry,No Unusual Conditions,Daylight,N,N,Y,N,N,N,N,N,N,Other Fixed Object,Unknown,Unknown,Unknown,Unknown,N,N,N,N,N,N,N,N,N,N,N,Lane / Road Departure,Yes,Unknown,Unknown,N,Y,N,N,N,N,N,Y,Y,Y,Y,N,Significantly Over,High