Year,Month,Hour,Vehicle,Driver / Operator Type,City,State,Roadway Type,Roadway Surface,Roadway Description,Lighting,Weather - Clear,Weather - Snow,Weather - Cloudy,Weather - Fog/Smoke,Weather - Rain,Weather - Severe Wind,Weather - Unknown,Weather - Other,Weather - Other Text,Crash With,Highest Injury Severity Alleged,CP Pre-Crash Movement,CP Any Air Bags Deployed?,CP Was Vehicle Towed?,CP Contact Area - Rear Left,CP Contact Area - Left,CP Contact Area - Front Left,CP Contact Area - Rear,CP Contact Area - Top,CP Contact Area - Front,CP Contact Area - Rear Right,CP Contact Area - Right,CP Contact Area - Front Right,CP Contact Area - Bottom,CP Contact Area - Unknown,SV Pre-Crash Movement,SV Any Air Bags Deployed?,SV Was Vehicle Towed?,SV Were All Passengers Belted?,SV Pre-crash Speed - Unknown,SV Contact Area - Rear Left,SV Contact Area - Left,SV Contact Area - Front Left,SV Contact Area - Rear,SV Contact Area - Top,SV Contact Area - Front,SV Contact Area - Rear Right,SV Contact Area - Right,SV Contact Area - Front Right,SV Contact Area - Bottom,SV Contact Area - Unknown,Speed Difference Category,Mileage Category
2024,11,6,Tesla Model Y 2021,Consumer,Bordentown,NJ,Highway / Freeway,Wet,No Unusual Conditions,Dark - Lighted,N,N,Y,N,Y,N,N,N,N,SUV,Unknown,Lane / Road Departure,Unknown,Unknown,N,N,N,N,N,N,N,N,Y,N,N,Proceeding Straight,Yes,Unknown,Unknown,N,N,Y,Y,N,N,N,N,N,N,N,N,At or Below Limit,Very High
2024,11,12,Tesla Model Y 2021,Consumer,Canandaigua,NY,Rural Road,Dry,No Unusual Conditions,Daylight,N,N,Y,N,N,N,N,N,N,Van,Unknown,Proceeding Straight,Yes,Unknown,N,N,N,N,N,N,Y,Y,Y,N,N,Proceeding Straight,Yes,Unknown,Unknown,N,N,N,Y,N,N,Y,N,N,Y,N,N,At or Below Limit,Very High
2024,11,15,Tesla Model Y 2023,Consumer,Plano,TX,Unknown,Unknown,Unknown,Unknown,N,N,N,N,N,N,Y,N,N,Unknown,Unknown,Unknown,Unknown,Unknown,N,N,N,N,N,N,N,N,N,N,Y,Unknown,Yes,Unknown,Unknown,N,N,N,N,N,N,N,N,N,N,N,Y,At or Below Limit,High
2024,11,2,Tesla Model Y 2023,Consumer,Tacoma,WA,Unknown,Unknown,Unknown,Unknown,N,N,N,N,N,N,Y,N,N,Unknown,Unknown,Unknown,Unknown,Unknown,N,N,N,N,N,N,N,N,N,N,Y,Unknown,Yes,Unknown,Unknown,N,N,N,N,N,N,N,Y,N,N,N,N,At or Below Limit,High
2024,11,23,Cadillac Escalade 2024,Consumer,Commerce City,CO,Highway / Freeway,Dry,No Unusual Conditions,Dark - Unknown Lighting,N,N,Y,N,N,N,N,N,N,"Other, see Narrative",Unknown,Stopped,Unknown,Unknown,N,N,N,N,N,N,N,N,N,N,Y,Proceeding Straight,Yes,Unknown,Yes,N,N,N,N,N,N,Y,N,N,Y,N,N,At or Below Limit,Medium
2024,11,13,Cadillac Escalade 2022,Consumer,Ridgefield,NJ,Highway / Freeway,Dry,No Unusual Conditions,Daylight,N,N,Y,N,N,N,N,N,N,Other Fixed Object,No Injuries Reported,Unknown,Unknown,Unknown,N,N,N,N,N,N,N,N,N,N,N,Lane / Road Departure,Yes,Unknown,Yes,N,N,N,N,N,N,N,N,Y,N,N,N,At or Below Limit,Very High
2024,11,0,Tesla Model 3 2021,Consumer,Apache Junction,AZ,Intersection,Dry,No Unusual Conditions,Daylight,Y,N,N,N,N,N,N,N,N,SUV,Unknown,Proceeding Straight,Yes,Unknown,N,N,Y,N,N,Y,N,N,Y,N,N,Making Left Turn,Yes,Unknown,Unknown,N,Y,Y,Y,N,N,N,N,N,N,N,N,At or Below Limit,High
2024,11,9,Tesla Model 3 2024,Consumer,Seattle,WA,Intersection,Dry,No Unusual Conditions,Dark - Lighted,Y,N,N,N,N,N,N,N,N,SUV,Unknown,Proceeding Straight,Unknown,Unknown,N,Y,Y,N,N,Y,N,N,Y,N,N,Proceeding Straight,Yes,Unknown,Unknown,N,N,N,Y,N,N,Y,N,Y,Y,N,N,At or Below Limit,Medium
2024,11,6,Tesla Model 3 2023,Consumer,Miami,FL,Unknown,Unknown,Unknown,Unknown,N,N,N,N,N,N,Y,N,N,Unknown,Unknown,Unknown,Unknown,Unknown,N,N,N,N,N,N,N,N,N,N,Y,Unknown,Yes,Unknown,Unknown,N,N,N,N,N,N,N,N,N,N,N,Y,At or Below Limit,Medium
2024,11,2,Tesla Model 3 2020,Consumer,Cornelius,NC,Intersection,Dry,No Unusual Conditions,Dark - Lighted,Y,N,N,N,N,N,N,N,N,SUV,Unknown,Making Left Turn,Unknown,Unknown,N,Y,Y,N,N,Y,N,N,N,N,N,Proceeding Straight,Yes,Unknown,Unknown,N,Y,Y,Y,N,N,N,N,N,N,N,N,At or Below Limit,Very High
2024,11,0,Tesla Model Y 2020,Consumer,Kingsville,TX,Highway / Freeway,Dry,No Unusual Conditions,Dawn / Dusk,N,N,Y,N,N,N,N,N,N,SUV,Unknown,Proceeding Straight,Unknown,Unknown,N,N,N,N,N,N,N,N,Y,N,N,Proceeding Straight,Yes,Unknown,Unknown,N,N,N,Y,N,N,N,N,N,N,N,N,Slightly Over,High
2024,11,14,Tesla Model X 2024,Consumer,Davis,OK,Unknown,Unknown,Unknown,Unknown,N,N,N,N,N,N,Y,N,N,Unknown,Unknown,Unknown,Unknown,Unknown,N,N,N,N,N,N,N,N,N,N,Y,Unknown,Yes,Unknown,Unknown,N,N,N,N,N,N,N,N,N,N,N,Y,At or Below Limit,Low
2024,11,5,Tesla Model Y 2023,Consumer,Altamonte Springs,FL,Intersection,Dry,No Unusual Conditions,Dark - Lighted,Y,N,N,N,N,N,N,N,N,SUV,Unknown,Lane / Road Departure,Unknown,Unknown,N,N,Y,N,N,N,N,N,N,N,N,Stopped,Yes,Unknown,Unknown,N,Y,Y,N,N,N,N,N,N,N,N,N,At or Below Limit,Medium
2024,11,0,Tesla Model 3 2024,Consumer,Phoenix,AZ,Unknown,Unknown,Unknown,Unknown,N,N,N,N,N,N,Y,N,N,Unknown,Unknown,Unknown,Unknown,Unknown,N,N,N,N,N,N,N,N,N,N,Y,Unknown,Yes,Unknown,Unknown,N,N,N,N,N,N,N,N,N,N,N,Y,At or Below Limit,Low
2024,5,15,Tesla Model Y 2023,Consumer,Burke,VA,Intersection,Dry,No Unusual Conditions,Daylight,N,N,Y,N,N,N,N,N,N,Other Fixed Object,Unknown,Unknown,Unknown,Unknown,N,N,N,N,N,N,N,N,N,N,N,Making Left Turn,No,Yes,Unknown,N,N,N,N,N,N,N,N,N,N,Y,N,At or Below Limit,Low
2024,11,0,Tesla Model S 2023,Consumer,Lynchburg,VA,Highway / Freeway,Dry,No Unusual Conditions,Dark - Not Lighted,Y,N,N,N,N,N,N,N,N,"Other, see Narrative",Unknown,"Other, see Narrative",Unknown,Unknown,Y,N,N,Y,N,N,Y,N,N,N,N,Proceeding Straight,Yes,Unknown,Unknown,N,N,N,Y,N,N,Y,N,N,Y,N,N,At or Below Limit,Medium
2024,10,21,Tesla Model 3 2019,Consumer,Matthews,NC,Highway / Freeway,Dry,"Other, see Narrative",Daylight,Y,N,N,N,N,N,N,N,N,Unknown,Unknown,Unknown,Unknown,Unknown,N,N,N,N,N,N,N,N,N,N,Y,Proceeding Straight,No,Yes,Unknown,N,N,N,N,N,N,N,N,N,N,N,Y,At or Below Limit,Very High
2024,11,9,Tesla Model 3 2021,Consumer,Upper Marlboro,MD,Highway / Freeway,Dry,Unknown,Dark - Not Lighted,Y,N,N,N,N,N,N,N,N,Unknown,Unknown,Unknown,Unknown,Unknown,N,N,N,N,N,N,N,N,N,N,Y,Unknown,Unknown,Yes,Unknown,N,N,N,N,N,N,N,N,N,N,N,Y,At or Below Limit,High
2024,11,22,Subaru Ascent 2024,Consumer,Plainview,TX,Rural Road,Dry,No Unusual Conditions,Dark - Not Lighted,Y,N,N,N,N,N,N,N,N,Animal,No Injuries Reported,"Other, see Narrative",Unknown,Unknown,N,N,N,N,N,N,N,N,N,N,N,Proceeding Straight,Yes,Yes,Yes,N,N,N,Y,N,N,Y,N,N,N,N,N,Slightly Over,Medium
2024,11,17,Tesla Model 3 2024,Consumer,Worcester,MA,Unknown,Unknown,Unknown,Unknown,N,N,N,N,N,N,Y,N,N,Unknown,Unknown,Unknown,Unknown,Unknown,N,N,N,N,N,N,N,N,N,N,Y,Unknown,Yes,Unknown,Unknown,N,N,N,N,N,N,N,N,N,N,N,Y,At or Below Limit,Low
2024,11,18,Tesla Cybertruck 2024,Consumer,Bothell,WA,Unknown,Unknown,Unknown,Unknown,N,N,N,N,N,N,Y,N,N,Unknown,Unknown,Unknown,Unknown,Unknown,N,N,N,N,N,N,N,N,N,N,Y,Unknown,Yes,Unknown,Unknown,N,N,N,N,N,N,N,N,N,N,N,Y,At or Below Limit,Low
2024,11,0,Tesla Model 3 2021,Consumer,Defuniak Springs,FL,Intersection,Dry,No Unusual Conditions,Dark - Not Lighted,Y,N,N,N,N,N,N,N,N,SUV,Unknown,Proceeding Straight,Unknown,Unknown,N,N,Y,N,N,Y,N,N,Y,N,N,Proceeding Straight,Yes,Unknown,Unknown,N,N,Y,Y,N,N,N,N,N,N,N,N,Moderately Over,Very High
2024,11,3,Tesla Model Y 2023,Consumer,Overland Park,KS,Highway / Freeway,Dry,Work Zone,Dark - Not Lighted,Y,N,N,N,N,N,N,N,N,Other Fixed Object,Unknown,Unknown,Unknown,Unknown,N,N,N,N,N,N,N,N,N,N,N,Lane / Road Departure,No,Yes,Unknown,N,N,Y,Y,N,N,Y,N,N,N,N,N,At or Below Limit,Medium
2024,11,16,Tesla Model 3 2023,Consumer,Brooklyn,NY,Highway / Freeway,Dry,Unknown,Daylight,Y,N,N,N,N,N,N,N,N,Unknown,Unknown,Unknown,Unknown,Unknown,N,N,N,N,N,N,N,N,N,N,Y,Unknown,Yes,Unknown,Unknown,N,N,N,N,N,N,N,N,N,N,N,Y,At or Below Limit,Medium
2024,11,23,Tesla Cybertruck 2024,Consumer,Miami Beach,FL,Unknown,Unknown,Unknown,Unknown,N,N,N,N,N,N,Y,N,N,Unknown,Unknown,Unknown,Unknown,Unknown,N,N,N,N,N,N,N,N,N,N,Y,Unknown,No,Yes,Unknown,N,N,N,N,N,N,N,N,N,N,N,Y,At or Below Limit,Low
2024,11,18,Tesla Model Y 2024,Consumer,Medford,MA,Street,Wet,No Unusual Conditions,Daylight,N,N,Y,N,N,N,N,N,N,Other Fixed Object,Unknown,Unknown,Unknown,Unknown,N,N,N,N,N,N,N,N,N,N,N,Making Left Turn,No,Yes,Unknown,N,N,N,N,N,N,N,N,N,N,Y,N,Slightly Over,Low
2024,11,19,Cadillac Lyriq 2024,Consumer,Okemah,OK,Highway / Freeway,Dry,No Unusual Conditions,Dawn / Dusk,Y,N,N,N,N,N,N,N,N,Animal,No Injuries Reported,Unknown,Unknown,Unknown,N,N,N,N,N,N,N,N,N,N,N,Proceeding Straight,Yes,Unknown,Yes,N,N,N,N,N,N,Y,N,N,N,N,N,Slightly Over,Low
2024,11,23,Chevrolet Traverse 2024,Consumer,Columbus,OH,Highway / Freeway,Dry,No Unusual Conditions,Dark - Unknown Lighting,Y,N,N,N,N,N,N,N,N,"Other, see Narrative",Unknown,Unknown,Unknown,Unknown,N,N,N,N,N,N,N,N,N,N,Y,Proceeding Straight,Yes,Unknown,Yes,N,N,N,N,N,N,N,N,N,N,N,Y,At or Below Limit,Low
2024,11,13,Tesla Model Y 2023,Consumer,Houston,TX,Street,Wet,No Unusual Conditions,Daylight,N,N,Y,N,Y,N,N,N,N,Passenger Car,Unknown,Stopped,Unknown,Unknown,Y,N,N,Y,N,N,N,N,N,N,N,Proceeding Straight,Yes,Unknown,Unknown,N,N,N,Y,N,N,Y,N,N,Y,N,N,At or Below Limit,Medium
2024,11,23,Tesla Model Y 2023,Consumer,Troy,NY,Unknown,Unknown,Unknown,Unknown,N,N,N,N,N,N,Y,N,N,Unknown,Unknown,Unknown,Unknown,Unknown,N,N,N,N,N,N,N,N,N,N,Y,Unknown,Yes,Unknown,Unknown,N,N,N,N,N,N,N,N,N,N,N,Y,At or Below Limit,High
2024,11,11,Tesla Model X 2023,Consumer,East Greenbush,NY,Highway / Freeway,Dry,Unknown,Dark - Not Lighted,Y,N,N,N,N,N,N,N,N,Unknown,Unknown,Unknown,Unknown,Unknown,N,N,N,N,N,N,N,N,N,N,Y,Unknown,Yes,Unknown,Unknown,N,N,N,N,N,N,N,N,N,N,N,Y,Slightly Over,Medium
2024,11,22,Tesla Model 3 2018,Consumer,Waimea,HI,Unknown,Unknown,Unknown,Unknown,N,N,N,N,N,N,Y,N,N,Unknown,Unknown,Unknown,Unknown,Unknown,N,N,N,N,N,N,N,N,N,N,Y,Unknown,Yes,Unknown,Unknown,N,N,N,N,N,N,N,N,N,N,N,Y,At or Below Limit,Very High
2024,10,12,Tesla Model 3 2020,Consumer,Brandon,FL,Highway / Freeway,Dry,No Unusual Conditions,Daylight,N,N,Y,N,N,N,N,N,N,Unknown,Unknown,Unknown,Unknown,Unknown,N,N,N,N,N,N,N,N,N,N,Y,Proceeding Straight,Unknown,Yes,Unknown,N,N,N,N,N,N,N,N,N,N,N,Y,At or Below Limit,High
2024,11,23,Tesla Model Y 2024,Consumer,Lewisville,TX,Highway / Freeway,Wet,Unknown,Daylight,N,N,Y,N,Y,N,N,N,N,Unknown,Unknown,Unknown,Unknown,Unknown,N,N,N,N,N,N,N,N,N,N,Y,Unknown,Yes,Unknown,Unknown,N,N,N,N,N,N,N,N,N,N,N,Y,At or Below Limit,Low
2024,11,0,Tesla Model Y 2024,Consumer,Longview,TX,Unknown,Unknown,Unknown,Unknown,N,N,N,N,N,N,Y,N,N,Unknown,Unknown,Unknown,Unknown,Unknown,N,N,N,N,N,N,N,N,N,N,Y,Unknown,Yes,Unknown,Unknown,N,N,N,N,N,N,N,N,N,N,N,Y,At or Below Limit,Low
2024,11,20,Tesla Model 3 2023,Consumer,Cedar Lake,IN,Unknown,Unknown,Unknown,Unknown,Y,N,N,N,N,N,N,N,N,Unknown,Unknown,Unknown,Unknown,Unknown,N,N,N,N,N,N,N,N,N,N,Y,Unknown,Yes,Unknown,Unknown,N,N,N,N,N,N,N,N,N,N,N,Y,Slightly Over,High
2024,10,17,Tesla Model 3 2019,Consumer,Richmond Hill,GA,Highway / Freeway,Dry,No Unusual Conditions,Daylight,N,N,Y,N,N,N,N,N,N,Van,Unknown,Making Right Turn,Unknown,Unknown,N,Y,Y,N,N,N,N,N,N,N,N,Proceeding Straight,Yes,Unknown,Unknown,N,N,N,N,N,N,N,N,Y,Y,N,N,Slightly Over,Very High
2024,10,0,Tesla Model 3 2021,Consumer,Omaha,NE,Unpaved Road,Unknown,Unknown,Unknown,N,N,N,N,N,N,Y,N,N,Unknown,Unknown,Unknown,Unknown,Unknown,N,N,N,N,N,N,N,N,N,N,Y,Unknown,Yes,Unknown,Unknown,N,N,N,N,N,N,N,N,N,N,N,Y,At or Below Limit,High
2024,10,3,Tesla Model Y 2023,Consumer,Farragut,TN,Unknown,Unknown,Unknown,Unknown,N,N,N,N,N,N,Y,N,N,Unknown,Unknown,Unknown,Unknown,Unknown,N,N,N,N,N,N,N,N,N,N,Y,Unknown,Yes,Unknown,Unknown,N,N,N,N,N,N,N,N,N,N,N,Y,At or Below Limit,Medium
2024,10,20,Tesla Model Y 2023,Consumer,Wesley Chapel,FL,Highway / Freeway,Dry,No Unusual Conditions,Daylight,N,N,Y,N,N,N,N,N,N,Other Fixed Object,Unknown,Unknown,Unknown,Unknown,N,N,N,N,N,N,N,N,N,N,N,Lane / Road Departure,Yes,Unknown,Unknown,N,N,Y,Y,N,N,N,N,N,N,N,N,Slightly Over,Medium
2024,10,12,Tesla Model 3 2024,Consumer,Arlington,VA,Unknown,Unknown,Unknown,Unknown,N,N,N,N,N,N,Y,N,N,Unknown,Unknown,Unknown,Unknown,Unknown,N,N,N,N,N,N,N,N,N,N,Y,Unknown,Yes,Unknown,Unknown,N,N,N,N,N,N,N,N,N,N,N,Y,At or Below Limit,Low
2024,11,8,Buick Enclave 2025,Consumer,Vevay,MI,Highway / Freeway,Dry,No Unusual Conditions,Dark - Unknown Lighting,N,N,Y,N,N,N,N,N,N,Animal,No Injuries Reported,"Other, see Narrative",Unknown,Unknown,N,N,N,N,N,N,N,N,N,N,N,Proceeding Straight,Yes,Unknown,Yes,N,N,N,N,N,N,Y,N,N,N,N,N,Slightly Over,Low
2024,10,0,Tesla Model Y 2022,Consumer,Henderson,NV,Highway / Freeway,Dry,Unknown,Daylight,Y,N,N,N,N,N,N,N,N,Unknown,Unknown,Unknown,Unknown,Unknown,N,N,N,N,N,N,N,N,N,N,Y,Unknown,Yes,Unknown,Unknown,N,N,N,N,N,N,N,N,N,N,N,Y,At or Below Limit,Medium
2024,10,3,Tesla Model 3 2022,Consumer,Desert Vista,AR,Intersection,Dry,No Unusual Conditions,Dark - Lighted,Y,N,N,N,N,N,N,N,N,Passenger Car,Unknown,Proceeding Straight,Unknown,Unknown,Y,Y,Y,N,N,N,N,N,N,N,N,Making Left Turn,No,Yes,Unknown,N,N,N,Y,N,N,Y,N,N,N,N,N,At or Below Limit,High
2024,10,1,Tesla Model X 2023,Consumer,Round Rock,TX,Street,Dry,Unknown,Dark - Not Lighted,Y,N,N,N,N,N,N,N,N,Unknown,Unknown,Unknown,Unknown,Unknown,N,N,N,N,N,N,N,N,N,N,Y,Unknown,Yes,Unknown,Unknown,N,N,N,N,N,N,N,N,N,N,N,Y,Slightly Over,Low
2024,10,18,Tesla Model 3 2018,Consumer,Springfield,VA,Unknown,Unknown,Unknown,Unknown,N,N,N,N,N,N,Y,N,N,Unknown,Unknown,Unknown,Unknown,Unknown,N,N,N,N,N,N,N,N,N,N,Y,Unknown,Yes,Unknown,Unknown,N,N,N,N,N,N,N,N,N,N,N,Y,At or Below Limit,High
2024,10,8,Tesla Model 3 2021,Consumer,Bronx,NY,Highway / Freeway,Dry,No Unusual Conditions,Dark - Lighted,Y,N,N,N,N,N,N,N,N,Other Fixed Object,Unknown,Unknown,Unknown,Unknown,N,N,N,N,N,N,N,N,N,N,N,Proceeding Straight,Yes,Yes,Unknown,N,N,Y,Y,N,N,Y,N,N,N,N,N,Slightly Over,Medium
2024,10,9,Ford Mach-E 2024,Consumer,Houston,TX,Highway / Freeway,Unknown,No Unusual Conditions,Dawn / Dusk,N,N,N,N,N,N,Y,N,N,Other Fixed Object,No Injuries Reported,Unknown,Unknown,Unknown,N,N,N,N,N,N,N,N,N,N,N,Proceeding Straight,No,Yes,Yes,N,N,N,Y,N,N,Y,N,N,N,N,N,Significantly Over,Low
2024,10,1,Tesla Model Y 2023,Consumer,Carrollton,TX,Street,Dry,No Unusual Conditions,Dark - Lighted,Y,N,N,N,N,N,N,N,N,"Other, see Narrative",Unknown,Unknown,Unknown,Unknown,N,N,N,N,N,N,N,N,N,N,Y,"Other, see Narrative",Unknown,Yes,Unknown,N,N,N,Y,N,N,Y,N,N,Y,N,N,At or Below Limit,Medium
2024,10,9,Tesla Model Y 2020,Consumer,Houston,TX,Highway / Freeway,Dry,Unknown,Dark - Lighted,Y,N,N,N,N,N,N,N,N,Other Fixed Object,Unknown,Unknown,Unknown,Unknown,N,N,N,N,N,N,N,N,N,N,N,Lane / Road Departure,Yes,Unknown,Unknown,N,N,Y,Y,N,N,N,N,Y,Y,N,N,At or Below Limit,Very High
2024,10,4,Tesla Model 3 2023,Consumer,Houston,TX,Highway / Freeway,Dry,No Unusual Conditions,Dark - Lighted,Y,N,N,N,N,N,N,N,N,Other Fixed Object,Unknown,Unknown,Unknown,Unknown,N,N,N,N,N,N,N,N,N,N,N,Lane / Road Departure,Yes,Unknown,Unknown,N,Y,Y,Y,N,N,N,N,N,N,N,N,Moderately Over,Medium
2024,10,19,Tesla Model 3 2024,Consumer,Jersey City,NJ,Unknown,Unknown,Unknown,Unknown,N,N,N,N,N,N,Y,N,N,Unknown,Unknown,Unknown,Unknown,Unknown,N,N,N,N,N,N,N,N,N,N,Y,Unknown,Yes,Unknown,Unknown,N,N,N,N,N,N,N,N,N,N,N,Y,Slightly Over,Low
2024,10,1,Tesla Model Y 2024,Consumer,Tysons,VA,Unknown,Unknown,Unknown,Unknown,N,N,N,N,N,N,Y,N,N,Unknown,Unknown,Unknown,Unknown,Unknown,N,N,N,N,N,N,N,N,N,N,Y,Unknown,Yes,Unknown,Unknown,N,N,N,N,N,N,N,N,N,N,N,Y,At or Below Limit,Medium
2024,10,11,Tesla Model S 2022,Consumer,Knoxville,TN,Highway / Freeway,Dry,No Unusual Conditions,Dark - Not Lighted,Y,N,N,N,N,N,N,N,N,Pickup Truck,Unknown,Changing Lanes,Unknown,Unknown,Y,N,N,N,N,N,N,N,N,N,N,Proceeding Straight,Yes,Unknown,Unknown,N,N,N,N,N,N,N,N,N,Y,N,N,Slightly Over,High
2024,10,20,Tesla Model Y 2023,Consumer,East Brunswick,NJ,Street,Dry,Unknown,Unknown,Y,N,N,N,N,N,N,N,N,Other Fixed Object,No Injuries Reported,Unknown,Unknown,Unknown,N,N,N,N,N,N,N,N,N,N,N,Unknown,No,Yes,Unknown,N,N,N,N,N,N,N,N,N,N,N,Y,At or Below Limit,Medium
2024,10,3,Tesla Model 3 2021,Consumer,Plano,TX,Unknown,Unknown,Unknown,Unknown,N,N,N,N,N,N,Y,N,N,Pole / Tree,No Injuries Reported,Unknown,Unknown,Unknown,N,N,N,N,N,N,N,N,N,N,N,Unknown,Yes,Yes,Unknown,N,N,N,N,N,N,N,N,N,N,N,Y,At or Below Limit,High
2024,10,2,Tesla Model Y 2023,Consumer,Denver,CO,Street,Dry,No Unusual Conditions,Dark - Lighted,Y,N,N,N,N,N,N,N,N,SUV,Unknown,Making Left Turn,Yes,Unknown,N,N,N,N,N,N,N,Y,Y,N,N,Proceeding Straight,Yes,Unknown,Unknown,N,N,N,Y,N,N,Y,N,N,Y,N,N,At or Below Limit,Medium
2024,10,21,Tesla Model 3 2024,Consumer,Issaquah,WA,Highway / Freeway,Dry,"Other, see Narrative",Daylight,Y,N,N,N,N,N,N,N,N,SUV,Unknown,"Other, see Narrative",Unknown,Unknown,Y,N,N,Y,N,N,N,N,N,N,N,Proceeding Straight,Yes,Unknown,Unknown,N,N,N,Y,N,N,Y,N,N,Y,N,N,At or Below Limit,Low
2024,10,23,Tesla Model Y 2023,Consumer,Miami,FL,Highway / Freeway,Dry,No Unusual Conditions,Dawn / Dusk,Y,N,N,N,N,N,N,N,N,Other Fixed Object,No Injuries Reported,Unknown,Unknown,Unknown,N,N,N,N,N,N,N,N,N,N,N,Lane / Road Departure,No,Yes,Unknown,N,N,Y,Y,N,N,N,N,N,N,N,N,At or Below Limit,Low
2024,10,2,Tesla Model 3 2018,Consumer,Toa Baja,PR,Highway / Freeway,Dry,Unknown,Dark - Not Lighted,Y,N,N,N,N,N,N,N,N,Unknown,Unknown,Unknown,Unknown,Unknown,N,N,N,N,N,N,N,N,N,N,Y,Unknown,Yes,Unknown,Unknown,N,N,N,N,N,N,N,N,N,N,N,Y,At or Below Limit,High
2024,10,21,Tesla Model Y 2023,Consumer,Rising Sun,MD,Highway / Freeway,Unknown,Unknown,Daylight,Y,N,N,N,N,N,N,N,N,Unknown,Unknown,Unknown,Unknown,Unknown,N,N,N,N,N,N,N,N,N,N,Y,Unknown,Yes,Unknown,Unknown,N,N,N,N,N,N,N,N,N,N,N,Y,At or Below Limit,Medium
2024,10,2,Tesla Model Y 2021,Consumer,Jamison,PA,Unknown,Unknown,Unknown,Unknown,N,N,N,N,N,N,Y,N,N,Unknown,Unknown,Unknown,Unknown,Unknown,N,N,N,N,N,N,N,N,N,N,Y,Unknown,Yes,Unknown,Unknown,N,N,N,N,N,N,N,N,N,N,N,Y,Moderately Over,High
2024,10,8,Tesla Model Y 2021,Consumer,Shirley,NY,Street,Dry,Unknown,Dark - Not Lighted,Y,N,N,N,N,N,N,N,N,Unknown,Unknown,Unknown,Unknown,Unknown,N,N,N,N,N,N,N,N,N,N,Y,Unknown,Yes,Unknown,Unknown,N,N,N,N,N,N,N,N,N,N,N,Y,At or Below Limit,Very High
2024,10,4,Tesla Model 3 2022,Consumer,Madison,AL,Unknown,Unknown,Unknown,Unknown,N,N,N,N,N,N,Y,N,N,Unknown,Unknown,Unknown,Unknown,Unknown,N,N,N,N,N,N,N,N,N,N,Y,Unknown,Yes,Unknown,Unknown,N,N,N,N,N,N,N,N,N,N,N,Y,At or Below Limit,High
2024,10,6,Tesla Model Y 2024,Consumer,Buckner,KY,Highway / Freeway,Unknown,Unknown,Dark - Lighted,Y,N,N,N,N,N,N,N,N,Unknown,Unknown,Unknown,Unknown,Unknown,N,N,N,N,N,N,N,N,N,N,Y,Unknown,Yes,Unknown,Unknown,N,N,N,N,N,N,N,N,N,N,N,Y,At or Below Limit,Low
2024,10,9,Tesla Model Y 2023,Consumer,Frelinghuysen,NJ,Highway / Freeway,Dry,No Unusual Conditions,Dark - Lighted,Y,N,N,N,N,N,N,N,N,Animal,Unknown,NM Crossing Roadway,Unknown,Unknown,N,N,N,N,N,N,N,N,N,N,N,Proceeding Straight,Yes,Unknown,Unknown,N,N,N,Y,N,N,Y,N,N,Y,N,N,Moderately Over,High
2024,10,23,Tesla Model 3 2023,Consumer,Tempe,AZ,Unknown,Unknown,Unknown,Unknown,N,N,N,N,N,N,Y,N,N,Unknown,Unknown,Unknown,Unknown,Unknown,N,N,N,N,N,N,N,N,N,N,Y,Unknown,Yes,Unknown,Unknown,N,N,N,N,N,N,N,N,N,N,N,Y,At or Below Limit,High
2024,10,20,Tesla Model Y 2021,Consumer,Middleburg,FL,Unknown,Unknown,Unknown,Unknown,N,N,N,N,N,N,Y,N,N,Unknown,Unknown,Unknown,Unknown,Unknown,N,N,N,N,N,N,N,N,N,N,Y,Unknown,Yes,Unknown,Unknown,N,N,N,N,N,N,N,N,N,N,N,Y,Slightly Over,Very High
2024,10,17,Tesla Model Y 2023,Consumer,Knoxville,TN,Street,Dry,Unknown,Daylight,Y,N,N,N,N,N,N,N,N,Pickup Truck,Unknown,Unknown,Unknown,Unknown,N,N,N,N,N,N,N,N,N,N,Y,Proceeding Straight,Yes,Unknown,Unknown,N,N,N,N,N,N,N,N,N,N,N,Y,At or Below Limit,High
2024,10,14,Tesla Model S 2020,Consumer,Cypress,TX,Intersection,Dry,No Unusual Conditions,Daylight,N,N,Y,N,N,N,N,N,N,Other Fixed Object,Unknown,Unknown,Unknown,Unknown,N,N,N,N,N,N,N,N,N,N,N,Proceeding Straight,Yes,Unknown,Unknown,N,N,N,Y,N,N,Y,N,N,Y,N,N,At or Below Limit,High
2024,10,13,Tesla Model 3 2022,Consumer,Greenville,TX,Unknown,Unknown,Unknown,Unknown,N,N,N,N,N,N,Y,N,N,Unknown,Unknown,Unknown,Unknown,Unknown,N,N,N,N,N,N,N,N,N,N,Y,Unknown,Yes,Unknown,Unknown,N,N,N,N,N,N,N,N,N,N,N,Y,At or Below Limit,Medium
2024,10,12,Tesla Model Y 2024,Consumer,Portland,OR,Unknown,Unknown,Unknown,Unknown,N,N,N,N,N,N,Y,N,N,Unknown,Unknown,Unknown,Unknown,Unknown,N,N,N,N,N,N,N,N,N,N,Y,Unknown,Yes,Unknown,Unknown,N,N,N,N,N,N,N,N,N,N,N,Y,Slightly Over,Low
2024,10,21,Tesla Model Y 2024,Consumer,Fort Worth,TX,Unknown,Unknown,Unknown,Unknown,N,N,N,N,N,N,Y,N,N,Unknown,Unknown,Unknown,Unknown,Unknown,N,N,N,N,N,N,N,N,N,N,Y,Unknown,Yes,Unknown,Unknown,N,N,N,N,N,N,N,N,N,N,N,Y,At or Below Limit,Medium
2024,10,22,Tesla Model X 2020,Consumer,Bellevue,WA,Unknown,Unknown,Unknown,Unknown,N,N,N,N,N,N,Y,N,N,Unknown,Unknown,Unknown,Unknown,Unknown,N,N,N,N,N,N,N,N,N,N,Y,Unknown,Yes,Unknown,Unknown,N,N,N,N,N,N,N,N,N,N,N,Y,At or Below Limit,Very High