Year,Month,Hour,Vehicle,Driver / Operator Type,City,State,Roadway Type,Roadway Surface,Roadway Description,Lighting,Weather - Clear,Weather - Snow,Weather - Cloudy,Weather - Fog/Smoke,Weather - Rain,Weather - Severe Wind,Weather - Unknown,Weather - Other,Weather - Other Text,Crash With,Highest Injury Severity Alleged,CP Pre-Crash Movement,CP Any Air Bags Deployed?,CP Was Vehicle Towed?,CP Contact Area - Rear Left,CP Contact Area - Left,CP Contact Area - Front Left,CP Contact Area - Rear,CP Contact Area - Top,CP Contact Area - Front,CP Contact Area - Rear Right,CP Contact Area - Right,CP Contact Area - Front Right,CP Contact Area - Bottom,CP Contact Area - Unknown,SV Pre-Crash Movement,SV Any Air Bags Deployed?,SV Was Vehicle Towed?,SV Were All Passengers Belted?,SV Pre-crash Speed - Unknown,SV Contact Area - Rear Left,SV Contact Area - Left,SV Contact Area - Front Left,SV Contact Area - Rear,SV Contact Area - Top,SV Contact Area - Front,SV Contact Area - Rear Right,SV Contact Area - Right,SV Contact Area - Front Right,SV Contact Area - Bottom,SV Contact Area - Unknown,Speed Difference Category,Mileage Category
2024,8,17,Tesla Model 3 2020,Consumer,Traverse,MI,Unknown,Unknown,Unknown,Unknown,N,N,N,N,N,N,Y,N,N,Unknown,Unknown,Unknown,Unknown,Unknown,N,N,N,N,N,N,N,N,N,N,Y,Unknown,Yes,Unknown,Unknown,N,N,N,N,N,N,N,N,N,N,N,Y,At or Below Limit,High
2024,8,21,Tesla Model Y 2020,Consumer,Canonsburg,PA,Rural Road,Dry,No Unusual Conditions,Daylight,N,N,Y,N,N,N,N,N,N,"Other, see Narrative",Unknown,Unknown,Unknown,Unknown,N,N,N,N,N,N,N,N,N,N,Y,Lane / Road Departure,Yes,Unknown,Unknown,N,N,N,N,N,N,N,N,N,N,Y,N,At or Below Limit,High
2024,8,3,Tesla Model 3 2022,Consumer,Chehalis,WA,Highway / Freeway,Wet,No Unusual Conditions,Daylight,N,N,Y,N,Y,N,N,N,N,Other Fixed Object,Unknown,Unknown,Unknown,Unknown,N,N,N,N,N,N,N,N,N,N,N,Lane / Road Departure,Yes,Unknown,Unknown,N,Y,Y,Y,N,N,N,N,N,N,N,N,Slightly Over,Medium
2024,8,22,Tesla Model 3 2018,Consumer,Fayetteville,GA,Intersection,Dry,No Unusual Conditions,Daylight,N,N,Y,N,N,N,N,N,N,Passenger Car,Unknown,Making Left Turn,Unknown,Unknown,Y,Y,Y,N,N,N,N,N,N,N,N,Proceeding Straight,Yes,Unknown,Unknown,N,N,N,Y,N,N,Y,N,N,Y,N,N,At or Below Limit,Very High
2024,8,17,Tesla Model 3 2019,Consumer,Chandler,AZ,Street,Dry,No Unusual Conditions,Daylight,Y,N,N,N,N,N,N,N,N,Other Fixed Object,Unknown,Unknown,Unknown,Unknown,N,N,N,N,N,N,N,N,N,N,N,Proceeding Straight,Yes,Unknown,Unknown,N,N,N,Y,N,N,Y,N,N,Y,Y,N,Slightly Over,Very High
2024,8,4,Tesla Model Y 2023,Consumer,Seguin,TX,Street,Dry,Unknown,Dark - Not Lighted,Y,N,N,N,N,N,N,N,N,Unknown,Unknown,Unknown,Unknown,Unknown,N,N,N,N,N,N,N,N,N,N,Y,Unknown,Yes,Unknown,Unknown,N,N,N,N,N,N,N,N,N,N,N,Y,Slightly Over,Medium
2024,8,10,Subaru Forester 2022,Consumer,Stuart,FL,Street,Dry,No Unusual Conditions,Daylight,Y,N,N,N,N,N,N,N,N,Other Fixed Object,No Injuries Reported,Unknown,Unknown,Unknown,N,N,N,N,N,N,N,N,N,N,N,Proceeding Straight,Yes,Yes,Yes,N,N,N,Y,N,N,Y,N,N,Y,N,N,Slightly Over,High
2024,8,14,Tesla Model Y 2022,Consumer,Jasper,FL,Unknown,Unknown,Unknown,Unknown,N,N,N,N,N,N,Y,N,N,Unknown,Unknown,Unknown,Unknown,Unknown,N,N,N,N,N,N,N,N,N,N,Y,Unknown,Yes,Unknown,Unknown,N,N,N,N,N,N,N,N,N,N,N,Y,At or Below Limit,Very High
2024,8,2,Tesla Model 3 2020,Consumer,Orlando,FL,Unknown,Unknown,Unknown,Unknown,N,N,N,N,N,N,Y,N,N,Unknown,Unknown,Unknown,Unknown,Unknown,N,N,N,N,N,N,N,N,N,N,Y,Unknown,Yes,Unknown,Unknown,N,N,N,N,N,N,N,N,N,N,N,Y,At or Below Limit,Very High
2024,8,23,Tesla Model X 2018,Consumer,Houston,TX,Unknown,Unknown,Unknown,Unknown,N,N,N,N,N,N,Y,N,N,Unknown,Unknown,Unknown,Unknown,Unknown,N,N,N,N,N,N,N,N,N,N,Y,Unknown,Yes,Unknown,Unknown,N,N,N,N,N,N,N,N,N,N,N,Y,Moderately Over,Very High
2024,8,4,Tesla Model 3 2023,Consumer,Garner,NC,Unknown,Unknown,Unknown,Unknown,N,N,N,N,N,N,Y,N,N,Unknown,Unknown,Unknown,Unknown,Unknown,N,N,N,N,N,N,N,N,N,N,Y,Unknown,Yes,Unknown,Unknown,N,N,N,N,N,N,N,N,N,N,N,Y,At or Below Limit,Medium
2024,8,16,Tesla Model 3 2024,Consumer,Glendale,AZ,Unknown,Unknown,Unknown,Unknown,N,N,N,N,N,N,Y,N,N,Other Fixed Object,Unknown,Unknown,Unknown,Unknown,N,N,N,N,N,N,N,N,N,N,N,Unknown,No,Yes,Unknown,N,N,N,N,N,N,N,Y,N,Y,N,N,At or Below Limit,Low
2024,8,20,Tesla Model Y 2023,Consumer,Perry,UT,Highway / Freeway,Dry,Unknown,Daylight,Y,N,N,N,N,N,N,N,N,Unknown,Unknown,Unknown,Unknown,Unknown,N,N,N,N,N,N,N,N,N,N,Y,Unknown,Yes,Unknown,Unknown,N,N,N,N,N,N,N,N,N,N,N,Y,Slightly Over,Medium
2024,8,14,Cadillac LYRIQ 2024,Consumer,Port St Lucie,FL,Highway / Freeway,Unknown,No Unusual Conditions,Daylight,N,N,Y,N,N,N,N,N,N,Unknown,Unknown,Stopped,Unknown,Unknown,N,N,N,Y,N,N,N,N,N,N,N,Proceeding Straight,Yes,Unknown,Yes,N,N,N,N,N,N,Y,N,N,N,N,N,At or Below Limit,Low
2024,8,18,Tesla Model Y 2024,Consumer,Reading,MA,Unknown,Unknown,Unknown,Unknown,N,N,N,N,N,N,Y,N,N,Unknown,Unknown,Unknown,Unknown,Unknown,N,N,N,N,N,N,N,N,N,N,Y,Unknown,Yes,Unknown,Unknown,N,N,N,N,N,N,N,N,N,N,N,Y,Significantly Over,Low
2024,8,16,Tesla Model 3 2019,Consumer,Slippery Rock,PA,Highway / Freeway,Wet,No Unusual Conditions,Daylight,N,N,N,N,Y,N,N,N,N,"Other, see Narrative",Unknown,Unknown,Unknown,Unknown,N,N,N,N,N,N,N,N,N,N,Y,Proceeding Straight,Yes,Unknown,Unknown,N,N,N,N,N,N,N,N,N,N,N,Y,At or Below Limit,Very High
2024,8,3,Tesla Model 3 2023,Consumer,Austin,TX,Street,Dry,Unknown,Dark - Lighted,Y,N,N,N,N,N,N,N,N,Unknown,Unknown,Unknown,Unknown,Unknown,N,N,N,N,N,N,N,N,N,N,Y,Unknown,Yes,Unknown,Unknown,N,N,N,N,N,N,N,N,N,N,N,Y,At or Below Limit,Low
2024,7,23,Tesla Model S 2017,Consumer,Everett,WA,Highway / Freeway,Dry,No Unusual Conditions,Daylight,Y,N,N,N,N,N,N,N,N,SUV,Unknown,Proceeding Straight,Unknown,Unknown,Y,Y,N,N,N,N,N,N,N,N,N,Lane / Road Departure,Yes,Unknown,Unknown,N,N,N,N,N,N,Y,N,N,Y,N,N,At or Below Limit,Very High
2024,7,16,Tesla Model X 2024,Consumer,Detroit,MI,Highway / Freeway,Wet,No Unusual Conditions,Daylight,N,N,N,N,Y,N,N,N,N,Unknown,Unknown,Unknown,Unknown,Unknown,N,N,N,N,N,N,N,N,N,N,Y,Proceeding Straight,Yes,Unknown,Unknown,N,N,N,N,N,N,N,N,N,N,N,Y,Moderately Over,Medium
2024,7,18,Tesla Model 3 2021,Consumer,San Antonio,TX,Street,Dry,No Unusual Conditions,Daylight,N,N,Y,N,N,N,N,N,N,Passenger Car,Unknown,Stopped,Unknown,Unknown,N,N,Y,N,N,Y,N,N,N,N,N,Making Right Turn,Yes,Unknown,Unknown,N,N,N,Y,N,N,Y,N,N,Y,N,N,At or Below Limit,Medium
2024,7,11,Mercedes-Benz C 300 4MATIC 2024,Consumer,Marietta,GA,Street,Unknown,Unknown,Daylight,N,N,Y,N,N,N,N,N,N,Other Fixed Object,No Injuries Reported,Unknown,Unknown,Unknown,N,N,N,N,N,N,N,N,N,N,N,Proceeding Straight,No,Yes,Yes,N,N,N,Y,N,N,N,N,N,N,N,N,At or Below Limit,Low
2024,7,21,Tesla Model Y 2024,Consumer,Port St. Lucie,FL,Unknown,Unknown,Unknown,Unknown,N,N,N,N,N,N,Y,N,N,Unknown,Unknown,Unknown,Unknown,Unknown,N,N,N,N,N,N,N,N,N,N,Y,Unknown,Yes,Unknown,Unknown,N,N,N,N,N,N,N,N,N,N,N,Y,At or Below Limit,Low
2024,7,1,Tesla Model X 2023,Consumer,Dickinson,TX,Unknown,Unknown,Unknown,Unknown,N,N,N,N,N,N,Y,N,N,Unknown,Unknown,Unknown,Unknown,Unknown,N,N,N,N,N,N,N,N,N,N,Y,Unknown,Yes,Unknown,Unknown,N,N,N,N,N,N,N,N,N,N,N,Y,At or Below Limit,Low
2024,7,6,Tesla Model Y 2023,Consumer,Westbury,NY,Highway / Freeway,Dry,Unknown,Dark - Lighted,Y,N,N,N,N,N,N,N,N,Unknown,Unknown,Unknown,Unknown,Unknown,N,N,N,N,N,N,N,N,N,N,Y,Unknown,Yes,Unknown,Unknown,N,N,N,N,N,N,N,N,N,N,N,Y,Slightly Over,Medium
2024,7,18,Cadillac Escalade ESV 2022,Consumer,Brookston,IN,Highway / Freeway,Dry,No Unusual Conditions,Daylight,N,N,Y,N,N,N,N,N,N,Unknown,Unknown,Unknown,Unknown,Unknown,N,N,N,N,N,N,N,N,N,N,Y,Proceeding Straight,Yes,Unknown,Unknown,N,N,N,Y,N,N,Y,N,N,Y,N,N,Moderately Over,High
2024,7,13,Mercedes-Benz GLC 300 2022,Consumer,Smithfield,RI,Street,Dry,No Unusual Conditions,Daylight,Y,N,N,N,N,N,N,N,N,"Other, see Narrative",Minor,Unknown,Not Applicable,Not Applicable,N,N,N,N,N,N,N,N,N,N,Y,Lane / Road Departure,Yes,Yes,Unknown,N,Y,Y,Y,N,Y,Y,N,N,Y,N,N,Slightly Over,Medium
2024,7,23,Tesla Model 3 2020,Consumer,Washington,GA,Unknown,Unknown,Unknown,Unknown,N,N,N,N,N,N,Y,N,N,Unknown,Unknown,Unknown,Unknown,Unknown,N,N,N,N,N,N,N,N,N,N,Y,Unknown,Yes,Unknown,Unknown,N,N,N,N,N,N,N,N,N,N,N,Y,At or Below Limit,Very High
2024,7,16,Tesla Model 3 2018,Consumer,Carrollton,TX,Unknown,Unknown,Unknown,Unknown,N,N,N,N,N,N,Y,N,N,Unknown,Unknown,Unknown,Unknown,Unknown,N,N,N,N,N,N,N,N,N,N,Y,Unknown,Yes,Unknown,Unknown,N,N,N,N,N,N,N,N,N,N,N,Y,Slightly Over,Very High
2024,7,4,Tesla Model Y 2023,Consumer,Arlington Heights,IL,Street,Dry,Unknown,Dark - Lighted,Y,N,N,N,N,N,N,N,N,Unknown,Unknown,Unknown,Unknown,Unknown,N,N,N,N,N,N,N,N,N,N,Y,Unknown,Yes,Unknown,Unknown,N,N,N,N,N,N,N,N,N,N,N,Y,Moderately Over,Low
2024,7,2,Tesla Model Y 2022,Consumer,Charlotte,NC,Highway / Freeway,Dry,Unknown,Dark - Not Lighted,Y,N,N,N,N,N,N,N,N,Unknown,Unknown,Unknown,Unknown,Unknown,N,N,N,N,N,N,N,N,N,N,Y,Unknown,Yes,Unknown,Unknown,N,N,N,N,N,N,N,N,N,N,N,Y,At or Below Limit,Medium
2024,7,10,Tesla Model Y 2021,Consumer,Austin,TX,Street,Dry,Unknown,Dark - Lighted,Y,N,N,N,N,N,N,N,N,Unknown,Unknown,Unknown,Unknown,Unknown,N,N,N,N,N,N,N,N,N,N,Y,Unknown,Yes,Unknown,Unknown,N,N,N,N,N,N,N,N,N,N,N,Y,At or Below Limit,High
2024,7,16,Tesla Model X 2023,Consumer,Fort Mill,SC,Unknown,Unknown,Unknown,Unknown,N,N,N,N,N,N,Y,N,N,Unknown,Unknown,Unknown,Unknown,Unknown,N,N,N,N,N,N,N,N,N,N,Y,Unknown,Yes,Unknown,Unknown,N,N,N,N,N,N,N,N,N,N,N,Y,At or Below Limit,Medium
2024,7,18,Tesla Model S 2023,Consumer,Brooklyn,NY,Unknown,Unknown,Unknown,Unknown,N,N,N,N,N,N,Y,N,N,Unknown,Unknown,Unknown,Unknown,Unknown,N,N,N,N,N,N,N,N,N,N,Y,Unknown,Yes,Unknown,Unknown,N,N,N,N,N,N,N,N,N,N,N,Y,At or Below Limit,Low
2024,7,2,Tesla Model 3 2018,Consumer,Elkridge,MD,Unknown,Unknown,Unknown,Unknown,N,N,N,N,N,N,Y,N,N,Unknown,Unknown,Unknown,Unknown,Unknown,N,N,N,N,N,N,N,N,N,N,Y,Unknown,Yes,Unknown,Unknown,N,N,N,N,N,N,N,N,N,N,N,Y,At or Below Limit,Very High
2024,7,10,Tesla Model 3 2021,Consumer,Etna,OH,Intersection,Dry,No Unusual Conditions,Dawn / Dusk,N,N,Y,N,N,N,N,N,N,Other Fixed Object,Unknown,Unknown,Unknown,Unknown,N,N,N,N,N,N,N,N,N,N,N,Making Left Turn,Unknown,Yes,Unknown,N,N,N,N,N,N,N,Y,Y,Y,N,N,At or Below Limit,High
2024,7,16,Volkswagen ID.4 2023,Consumer,Garner,NC,Highway / Freeway,Wet,Work Zone,Daylight,N,N,N,N,Y,N,N,N,N,Other Fixed Object,No Injuries Reported,Unknown,Unknown,Unknown,N,N,N,N,N,N,N,N,N,N,N,Proceeding Straight,Yes,Yes,Yes,N,N,N,Y,N,N,Y,N,N,Y,N,N,At or Below Limit,High
2024,6,23,Subaru Impreza 2024,Consumer,Vernon Hills,IL,Street,Dry,No Unusual Conditions,Dark - Lighted,Y,N,N,N,N,N,N,N,N,Pole / Tree,Minor,Unknown,Unknown,Unknown,N,N,N,N,N,N,N,N,N,N,N,Proceeding Straight,Yes,Yes,Yes,N,N,N,Y,N,N,Y,N,N,Y,N,N,Slightly Over,Low
2024,7,19,Tesla Model 3 2018,Consumer,Sugar Land,TX,Unknown,Unknown,Unknown,Unknown,N,N,N,N,N,N,Y,N,N,Unknown,Unknown,Unknown,Unknown,Unknown,N,N,N,N,N,N,N,N,N,N,Y,Unknown,Yes,Unknown,Unknown,N,N,N,N,N,N,N,N,N,N,N,Y,Slightly Over,Very High
2024,7,2,Tesla Model 3 2022,Consumer,Richmond,VA,Highway / Freeway,Dry,Unknown,Dark - Lighted,Y,N,N,N,N,N,N,N,N,Unknown,Unknown,Unknown,Unknown,Unknown,N,N,N,N,N,N,N,N,N,N,Y,Unknown,Yes,Unknown,Unknown,N,N,N,N,N,N,N,N,N,N,N,Y,Moderately Over,High
2024,7,18,Tesla Model Y 2022,Consumer,Fresno,TX,Highway / Freeway,Dry,No Unusual Conditions,Daylight,N,N,Y,N,N,N,N,N,N,Passenger Car,Unknown,Proceeding Straight,Unknown,Unknown,N,N,N,N,N,N,N,N,Y,N,N,Lane / Road Departure,Unknown,Yes,Unknown,N,Y,N,N,N,N,N,N,N,N,Y,N,At or Below Limit,High
2024,7,22,Tesla Model Y 2023,Consumer,Buffalo Grove,IL,Unknown,Unknown,Unknown,Unknown,N,N,N,N,N,N,Y,N,N,Unknown,Unknown,Unknown,Unknown,Unknown,N,N,N,N,N,N,N,N,N,N,Y,Unknown,Yes,Unknown,Unknown,N,N,N,N,N,N,N,N,N,N,N,Y,At or Below Limit,Low
2024,6,21,Tesla Model S 2020,Consumer,Gambrills,MD,Unknown,Unknown,Unknown,Unknown,N,N,N,N,N,N,Y,N,N,Unknown,Unknown,Unknown,Unknown,Unknown,N,N,N,N,N,N,N,N,N,N,Y,Unknown,Yes,Unknown,Unknown,N,N,N,N,N,N,N,N,N,N,N,Y,At or Below Limit,High
2024,7,20,Subaru Outback 2020,Consumer,Ephrata,WA,Rural Road,Dry,No Unusual Conditions,Daylight,Y,N,N,N,N,N,N,N,N,Unknown,Moderate,Unknown,Unknown,Unknown,N,N,N,N,N,N,N,N,N,N,Y,Proceeding Straight,Yes,Yes,Yes,N,N,N,Y,N,N,Y,N,N,Y,N,N,At or Below Limit,Very High
2024,7,18,Tesla Model Y 2024,Consumer,Spotsylvania Courthouse,VA,Unknown,Unknown,Unknown,Unknown,N,N,N,N,N,N,Y,N,N,Unknown,Unknown,Unknown,Unknown,Unknown,N,N,N,N,N,N,N,N,N,N,Y,Unknown,Yes,Unknown,Unknown,N,N,N,N,N,N,N,N,N,N,N,Y,At or Below Limit,Low
2024,7,16,Tesla Model 3 2018,Consumer,South Bend,IN,Unknown,Unknown,Unknown,Unknown,N,N,N,N,N,N,Y,N,N,Unknown,Unknown,Unknown,Unknown,Unknown,N,N,N,N,N,N,N,N,N,N,Y,Unknown,Yes,Unknown,Unknown,N,N,N,N,N,N,N,N,N,N,N,Y,At or Below Limit,Very High
2024,7,15,Tesla Model Y 2020,Consumer,Greeley,CO,Unknown,Unknown,Unknown,Unknown,N,N,N,N,N,N,Y,N,N,Unknown,Unknown,Unknown,Unknown,Unknown,N,N,N,N,N,N,N,N,N,N,Y,Unknown,Yes,Unknown,Unknown,N,N,N,N,N,N,N,N,N,N,N,Y,At or Below Limit,Very High
2024,7,5,Tesla Model Y 2023,Consumer,Tonopah,AZ,Highway / Freeway,Dry,No Unusual Conditions,Dark - Not Lighted,Y,N,N,N,N,N,N,N,N,"Other, see Narrative",Unknown,Unknown,Unknown,Unknown,N,N,N,N,N,N,N,N,N,N,Y,Lane / Road Departure,Yes,Unknown,Unknown,N,N,Y,Y,N,N,Y,N,N,Y,Y,N,At or Below Limit,High
2024,7,21,Tesla Model 3 2022,Consumer,Piedmont,SC,Unknown,Unknown,Unknown,Unknown,N,N,N,N,N,N,Y,N,N,Unknown,Unknown,Unknown,Unknown,Unknown,N,N,N,N,N,N,N,N,N,N,Y,Proceeding Straight,Yes,Unknown,Unknown,N,N,N,N,N,N,N,N,N,N,N,Y,Moderately Over,High
2024,7,18,Tesla Model 3 2024,Consumer,Providence,RI,Street,Dry,No Unusual Conditions,Daylight,N,N,Y,N,N,N,N,N,N,Other Fixed Object,Unknown,Unknown,Unknown,Unknown,N,N,N,N,N,N,N,N,N,N,N,Making Left Turn,Yes,Unknown,Unknown,N,N,N,Y,N,N,Y,N,N,Y,Y,N,At or Below Limit,Low
2024,7,18,Tesla Model Y 2024,Consumer,Hutto,TX,Unknown,Unknown,Unknown,Unknown,N,N,N,N,N,N,Y,N,N,Unknown,Unknown,Unknown,Unknown,Unknown,N,N,N,N,N,N,N,N,N,N,Y,Unknown,Yes,Unknown,Unknown,N,N,N,N,N,N,N,N,N,N,N,Y,At or Below Limit,Low
2024,7,23,Tesla Model X 2018,Consumer,Montrose,CO,Unknown,Unknown,Unknown,Unknown,N,N,N,N,N,N,Y,N,N,Unknown,Unknown,Unknown,Unknown,Unknown,N,N,N,N,N,N,N,N,N,N,Y,Unknown,Yes,Unknown,Unknown,N,N,N,N,N,N,N,N,N,N,N,Y,At or Below Limit,Very High
2024,7,19,Tesla Model Y 2024,Consumer,Austin,TX,Unknown,Unknown,Unknown,Unknown,N,N,N,N,N,N,Y,N,N,Unknown,Unknown,Unknown,Unknown,Unknown,N,N,N,N,N,N,N,N,N,N,Y,Unknown,Yes,Unknown,Unknown,N,N,N,N,N,N,N,N,N,N,N,Y,At or Below Limit,Low
2024,7,23,Tesla Model 3 2023,Consumer,Cameron,NC,Highway / Freeway,Dry,Unknown,Daylight,Y,N,N,N,N,N,N,N,N,Unknown,Unknown,Unknown,Unknown,Unknown,N,N,N,N,N,N,N,N,N,N,Y,Unknown,Yes,Unknown,Unknown,N,N,N,N,N,N,N,N,N,N,N,Y,At or Below Limit,High
2024,7,19,Tesla Model 3 2021,Consumer,Lexington,KY,Highway / Freeway,Dry,Unknown,Daylight,N,N,Y,N,N,N,N,N,N,Unknown,Unknown,Unknown,Unknown,Unknown,N,N,N,N,N,N,N,N,N,N,Y,Unknown,Yes,Unknown,Unknown,N,N,N,N,N,N,N,N,N,N,N,Y,Slightly Over,High
2024,7,23,Tesla Model 3 2023,Consumer,Long Branch,NJ,Street,Dry,Unknown,Daylight,Y,N,N,N,N,N,N,N,N,Unknown,Unknown,Unknown,Unknown,Unknown,N,N,N,N,N,N,N,N,N,N,Y,Unknown,Yes,Unknown,Unknown,N,N,N,N,N,N,N,N,N,N,N,Y,At or Below Limit,Low
2024,7,4,Tesla Model 3 2019,Consumer,Harrisonburg,VA,Unknown,Unknown,Unknown,Unknown,N,N,N,N,N,N,Y,N,N,Unknown,Unknown,Unknown,Unknown,Unknown,N,N,N,N,N,N,N,N,N,N,Y,Unknown,Yes,Unknown,Unknown,N,N,N,N,N,N,N,N,N,N,N,Y,At or Below Limit,High
2024,7,14,Tesla Model 3 2022,Consumer,Carnegie,PA,Highway / Freeway,Dry,No Unusual Conditions,Daylight,Y,N,N,N,N,N,N,N,N,Other Fixed Object,No Injuries Reported,Unknown,Unknown,Unknown,N,N,N,N,N,N,N,N,N,N,N,Lane / Road Departure,No,Yes,Unknown,N,N,N,N,N,N,N,Y,Y,Y,N,N,Moderately Over,Very High
2024,6,21,Tesla Model X 2023,Consumer,Egg Harbor Township,NJ,Highway / Freeway,Dry,No Unusual Conditions,Daylight,N,N,Y,N,N,N,N,N,N,Other Fixed Object,No Injuries Reported,Unknown,Unknown,Unknown,N,N,N,N,N,N,N,N,N,N,N,Lane / Road Departure,No,Yes,Unknown,N,Y,Y,Y,N,N,N,N,N,N,N,N,Significantly Over,Low
2024,5,17,Ford F-150 2022,Consumer,Kissimmee,FL,Highway / Freeway,Dry,No Unusual Conditions,Daylight,Y,N,N,N,N,N,N,N,N,Heavy Truck,No Injuries Reported,Proceeding Straight,No,No,Y,N,N,N,N,N,N,N,N,N,N,Proceeding Straight,No,Yes,Yes,N,N,N,N,N,N,Y,N,N,Y,N,N,At or Below Limit,Medium
2024,6,14,KIA EV6 2022,Consumer,WOODSTOCK,VA,Highway / Freeway,Dry,No Unusual Conditions,Daylight,Y,N,N,N,N,N,N,N,N,Pole / Tree,Minor,Unknown,Unknown,Unknown,N,N,N,N,N,N,N,N,N,N,N,"Other, see Narrative",Yes,Yes,Yes,N,N,N,N,N,N,Y,N,N,Y,N,N,Slightly Over,Very High
2024,6,5,Subaru Forester 2020,Consumer,Las Vegas,NV,Highway / Freeway,Dry,Unknown,Dawn / Dusk,Y,N,N,N,N,N,N,N,N,Other Fixed Object,Minor,Unknown,Unknown,Unknown,N,N,N,N,N,N,N,N,N,N,N,Proceeding Straight,No,Yes,Yes,N,N,N,Y,N,N,Y,N,N,Y,N,N,At or Below Limit,Very High
2024,6,13,Ford F-150 2023,In-Vehicle (Commercial / Test),Detroit,MI,Highway / Freeway,Wet,"Other, see Narrative",Daylight,N,N,Y,N,N,N,N,N,N,SUV,No Injuries Reported,Proceeding Straight,No,Yes,N,N,Y,N,N,Y,N,N,Y,N,N,Proceeding Straight,No,No,Yes,N,Y,N,N,N,N,N,N,N,N,N,N,At or Below Limit,Medium
2024,6,13,Ford F-150 2023,In-Vehicle (Commercial / Test),Detroit,MI,Highway / Freeway,Wet,"Other, see Narrative",Daylight,N,N,Y,N,N,N,N,N,N,SUV,No Injuries Reported,Proceeding Straight,No,Yes,N,N,Y,N,N,Y,N,N,Y,N,N,Proceeding Straight,No,No,Yes,N,Y,N,N,N,N,N,N,N,N,N,N,At or Below Limit,Medium
2024,6,20,Tesla Model 3 2023,Consumer,East Windsor,NJ,Unknown,Unknown,Unknown,Unknown,N,N,N,N,N,N,Y,N,N,Unknown,Unknown,Unknown,Unknown,Unknown,N,N,N,N,N,N,N,N,N,N,Y,Unknown,Yes,Unknown,Unknown,N,N,N,N,N,N,N,N,N,N,N,Y,Slightly Over,High
2024,5,15,Tesla Model X 2023,Consumer,Cranford,NJ,Street,Unknown,Unknown,Unknown,N,N,N,N,N,N,Y,N,N,Other Fixed Object,No Injuries Reported,Unknown,Unknown,Unknown,N,N,N,N,N,N,N,N,N,N,N,Making Right Turn,No,Yes,Unknown,N,N,N,N,N,N,N,Y,N,N,Y,N,At or Below Limit,Medium
2024,4,20,Tesla Model 3 2021,Consumer,Flower Mound,TX,Street,Dry,No Unusual Conditions,Daylight,Y,N,N,N,N,N,N,N,N,Other Fixed Object,No Injuries Reported,Unknown,Unknown,Unknown,N,N,N,N,N,N,N,N,N,N,N,Making Right Turn,Yes,Unknown,Unknown,N,N,N,Y,N,N,Y,N,N,Y,N,N,At or Below Limit,High
2023,10,15,Subaru Legacy 2020,Consumer,New Kent,VA,Highway / Freeway,Dry,No Unusual Conditions,Daylight,Y,N,N,N,N,N,N,N,N,Heavy Truck,Moderate,Changing Lanes,No,No,Y,N,N,N,N,N,N,N,N,N,N,Proceeding Straight,Yes,Yes,Yes,N,N,N,N,N,N,N,N,N,Y,N,N,Slightly Over,High
2024,6,2,Tesla Model 3 2019,Consumer,Elmira,NY,Highway / Freeway,Dry,Unknown,Dark - Not Lighted,Y,N,N,N,N,N,N,N,N,Unknown,Unknown,Unknown,Unknown,Unknown,N,N,N,N,N,N,N,N,N,N,Y,Unknown,Yes,Unknown,Unknown,N,N,N,N,N,N,N,N,N,N,N,Y,Moderately Over,Very High
2024,6,1,Tesla Model 3 2022,Consumer,San Antonio,TX,Highway / Freeway,Wet,"Other, see Narrative",Daylight,N,N,Y,N,Y,N,N,N,N,Passenger Car,Unknown,Lane / Road Departure,Unknown,Unknown,N,N,N,N,N,N,N,Y,Y,N,N,Proceeding Straight,Yes,Unknown,Unknown,N,N,Y,Y,N,N,N,N,N,N,N,N,At or Below Limit,High
2024,6,12,Tesla Model 3 2023,Consumer,Fisherville,KY,Highway / Freeway,Dry,Unknown,Daylight,N,N,Y,N,N,N,N,N,N,SUV,Unknown,Unknown,Unknown,Unknown,Y,N,N,Y,N,N,Y,N,N,N,N,Proceeding Straight,Yes,Unknown,Unknown,N,N,N,Y,N,N,Y,N,N,Y,N,N,Significantly Over,Medium
2024,6,16,Tesla Model Y 2022,Consumer,Fairfax,VA,Highway / Freeway,Dry,No Unusual Conditions,Daylight,Y,N,N,N,N,N,N,N,N,Other Fixed Object,Unknown,Unknown,Unknown,Unknown,N,N,N,N,N,N,N,N,N,N,N,Proceeding Straight,No,Yes,Unknown,N,Y,N,Y,N,N,N,N,N,N,Y,N,At or Below Limit,High
2024,6,20,Tesla Model Y 2024,Consumer,Clifton,NJ,Unknown,Unknown,Unknown,Unknown,N,N,N,N,N,N,Y,N,N,Unknown,Unknown,Unknown,Unknown,Unknown,N,N,N,N,N,N,N,N,N,N,Y,Unknown,Yes,Unknown,Unknown,N,N,N,N,N,N,N,N,N,N,N,Y,Slightly Over,Low
2024,6,16,Tesla Model 3 2022,Consumer,Springfield,NJ,Highway / Freeway,Dry,No Unusual Conditions,Daylight,Y,N,N,N,N,N,N,N,N,Heavy Truck,Unknown,Proceeding Straight,Unknown,Unknown,N,N,Y,N,N,Y,N,N,Y,N,N,"Other, see Narrative",Yes,Unknown,Unknown,N,Y,N,N,Y,N,N,Y,N,N,N,N,At or Below Limit,High
2024,6,7,GMC Sierra 2023,Consumer,Ridgeway,VA,Highway / Freeway,Dry,No Unusual Conditions,Daylight,N,N,N,N,N,N,N,Y,Fair cloud coverage,Heavy Truck,Unknown,Proceeding Straight,Unknown,Unknown,N,N,N,N,N,N,N,N,N,N,Y,Proceeding Straight,Yes,Unknown,Yes,N,N,N,N,N,N,N,N,N,N,N,Y,At or Below Limit,High