Year,Month,Hour,Vehicle,Driver / Operator Type,City,State,Roadway Type,Roadway Surface,Roadway Description,Lighting,Weather - Clear,Weather - Snow,Weather - Cloudy,Weather - Fog/Smoke,Weather - Rain,Weather - Severe Wind,Weather - Unknown,Weather - Other,Weather - Other Text,Crash With,Highest Injury Severity Alleged,CP Pre-Crash Movement,CP Any Air Bags Deployed?,CP Was Vehicle Towed?,CP Contact Area - Rear Left,CP Contact Area - Left,CP Contact Area - Front Left,CP Contact Area - Rear,CP Contact Area - Top,CP Contact Area - Front,CP Contact Area - Rear Right,CP Contact Area - Right,CP Contact Area - Front Right,CP Contact Area - Bottom,CP Contact Area - Unknown,SV Pre-Crash Movement,SV Any Air Bags Deployed?,SV Was Vehicle Towed?,SV Were All Passengers Belted?,SV Pre-crash Speed - Unknown,SV Contact Area - Rear Left,SV Contact Area - Left,SV Contact Area - Front Left,SV Contact Area - Rear,SV Contact Area - Top,SV Contact Area - Front,SV Contact Area - Rear Right,SV Contact Area - Right,SV Contact Area - Front Right,SV Contact Area - Bottom,SV Contact Area - Unknown,Speed Difference Category,Mileage Category
2024,6,1,Tesla Model 3 2022,Consumer,Cascade Locks,OR,Highway / Freeway,Dry,Unknown,Daylight,N,N,Y,N,N,N,N,N,N,Unknown,Unknown,Unknown,Unknown,Unknown,N,N,N,N,N,N,N,N,N,N,Y,Unknown,Yes,Unknown,Unknown,N,N,N,N,N,N,N,N,N,N,N,Y,At or Below Limit,Medium
2024,6,17,Tesla Model X 2024,Consumer,Bradenton,FL,Unknown,Unknown,Unknown,Unknown,N,N,N,N,N,N,Y,N,N,Unknown,Unknown,Unknown,Unknown,Unknown,N,N,N,N,N,N,N,N,N,N,Y,Unknown,Yes,Unknown,Unknown,N,N,N,N,N,N,N,N,N,N,N,Y,At or Below Limit,Low
2024,6,21,Tesla Model X 2023,Consumer,Chicago,IL,Street,Dry,No Unusual Conditions,Daylight,Y,N,N,N,N,N,N,N,N,SUV,Unknown,"Other, see Narrative",Unknown,Unknown,N,N,Y,N,N,Y,N,N,Y,N,N,Proceeding Straight,Yes,Unknown,Unknown,N,Y,N,N,Y,N,N,Y,N,N,N,N,At or Below Limit,Medium
2024,6,2,Tesla Model S 2021,Consumer,New York,NY,Unknown,Unknown,Unknown,Unknown,N,N,N,N,N,N,Y,N,N,Unknown,Unknown,Unknown,Unknown,Unknown,N,N,N,N,N,N,N,N,N,N,Y,Unknown,Yes,Unknown,Unknown,N,N,N,N,N,N,N,N,N,N,N,Y,At or Below Limit,High
2024,6,2,Tesla Model 3 2018,Consumer,Ludington,MI,Highway / Freeway,Dry,Unknown,Dark - Not Lighted,Y,N,N,N,N,N,N,N,N,Unknown,Unknown,Unknown,Unknown,Unknown,N,N,N,N,N,N,N,N,N,N,Y,Unknown,Yes,Unknown,Unknown,N,N,N,N,N,N,N,N,N,N,N,Y,Slightly Over,Very High
2024,6,22,Tesla Model 3 2019,Consumer,Tampa,FL,Highway / Freeway,Wet,"Other, see Narrative",Daylight,N,N,Y,N,Y,N,N,N,N,Other Fixed Object,Unknown,Unknown,Unknown,Unknown,N,N,N,N,N,N,N,N,N,N,N,Unknown,Yes,Unknown,Unknown,N,Y,Y,Y,N,N,Y,N,N,N,N,N,At or Below Limit,High
2024,6,11,Tesla Model X 2022,Consumer,Lula,GA,Highway / Freeway,Dry,Unknown,Daylight,N,N,Y,N,N,N,N,N,N,Unknown,Unknown,Unknown,Unknown,Unknown,N,N,N,N,N,N,N,N,N,N,Y,Unknown,Yes,Unknown,Unknown,N,N,N,N,N,N,N,N,N,N,N,Y,Slightly Over,High
2024,6,12,GMC Sierra 2023,Consumer,Murray,UT,Highway / Freeway,Dry,No Unusual Conditions,Daylight,Y,N,N,N,N,N,N,N,N,Other Fixed Object,Unknown,Unknown,Unknown,Unknown,N,N,N,N,N,N,N,N,N,N,N,Lane / Road Departure,Yes,Unknown,Yes,N,N,Y,N,N,N,N,N,N,N,N,N,At or Below Limit,Medium
2024,6,18,Tesla Model 3 2022,Consumer,Yukon,OK,Rural Road,Dry,Unknown,Daylight,Y,N,N,N,N,N,N,N,N,Unknown,Unknown,Unknown,Unknown,Unknown,N,N,N,N,N,N,N,N,N,N,Y,Unknown,Yes,Unknown,Unknown,N,N,N,N,N,N,N,N,N,N,N,Y,At or Below Limit,High
2024,6,20,Tesla Model 3 2019,Consumer,West Palm Beach,FL,Unknown,Unknown,Unknown,Unknown,N,N,N,N,N,N,Y,N,N,Unknown,Unknown,Unknown,Unknown,Unknown,N,N,N,N,N,N,N,N,N,N,Y,Unknown,Yes,Unknown,Unknown,N,N,N,N,N,N,N,N,N,N,N,Y,At or Below Limit,Medium
2024,6,22,Volkswagen ID.4 2025,In-Vehicle (Commercial / Test),DeWitt Township,MI,Highway / Freeway,Dry,No Unusual Conditions,Dark - Unknown Lighting,Y,N,N,N,N,N,N,N,N,Animal,No Injuries Reported,Entering Traffic,Unknown,Unknown,N,N,N,N,N,N,N,N,N,N,N,Proceeding Straight,No,Yes,Yes,N,N,N,Y,N,N,Y,N,N,Y,N,N,Slightly Over,Low
2024,6,17,Tesla Model Y 2024,Consumer,East Rutherford,NJ,Unknown,Unknown,Unknown,Unknown,N,N,N,N,N,N,Y,N,N,Unknown,Unknown,Unknown,Unknown,Unknown,N,N,N,N,N,N,N,N,N,N,Y,Unknown,Yes,Unknown,Unknown,N,N,N,N,N,N,N,N,N,N,N,Y,At or Below Limit,Low
2024,5,13,Tesla Model 3 2023,Consumer,Ellicott,MD,Unknown,Unknown,Unknown,Unknown,N,N,N,N,N,N,Y,N,N,Unknown,Unknown,Unknown,Unknown,Unknown,N,N,N,N,N,N,N,N,N,N,Y,Unknown,Yes,Unknown,Unknown,N,N,N,N,N,N,N,N,N,N,N,Y,At or Below Limit,Medium
2024,4,10,Mercedes-Benz E450 4Matic Cabriolet 2019,Consumer,Westport,CT,Highway / Freeway,Dry,Unknown,Daylight,Y,N,N,N,N,N,N,N,N,"Other, see Narrative",No Injuries Reported,Unknown,Unknown,Unknown,N,N,N,N,N,N,N,N,N,N,Y,Proceeding Straight,No,Yes,"No, see Narrative",N,N,N,Y,N,N,N,N,N,N,N,N,Moderately Over,High
2024,6,21,Tesla Model Y 2021,Consumer,Crawfordville,GA,Highway / Freeway,Wet,No Unusual Conditions,Daylight,N,N,Y,Y,Y,N,N,N,N,Other Fixed Object,Unknown,Unknown,Unknown,Unknown,N,N,N,N,N,N,N,N,N,N,N,Proceeding Straight,Yes,Unknown,Unknown,N,N,Y,Y,N,N,Y,N,N,Y,Y,N,At or Below Limit,High
2024,6,1,Tesla Model Y 2024,Consumer,Milltown,NJ,Unknown,Unknown,Unknown,Unknown,N,N,N,N,N,N,Y,N,N,Unknown,Unknown,Unknown,Unknown,Unknown,N,N,N,N,N,N,N,N,N,N,Y,Unknown,Yes,Unknown,Unknown,N,N,N,N,N,N,N,N,N,N,N,Y,Slightly Over,Low
2024,6,16,Tesla Model 3 2021,Consumer,Las Vegas,NV,Street,Dry,Unknown,Daylight,Y,N,N,N,N,N,N,N,N,Unknown,Unknown,Unknown,Unknown,Unknown,N,N,N,N,N,N,N,N,N,N,Y,Unknown,Yes,Unknown,Unknown,N,N,N,N,N,N,N,N,N,N,N,Y,At or Below Limit,Medium
2024,6,19,Tesla Model 3 2019,Consumer,Nashville,TN,Unknown,Unknown,Unknown,Unknown,N,N,N,N,N,N,Y,N,N,Unknown,Unknown,Unknown,Unknown,Unknown,N,N,N,N,N,N,N,N,N,N,Y,Unknown,Yes,Unknown,Unknown,N,N,N,N,N,N,N,N,N,N,N,Y,At or Below Limit,High
2024,6,7,Tesla Model Y 2022,Consumer,Duluth,GA,Highway / Freeway,Dry,"Other, see Narrative",Dark - Not Lighted,Y,N,N,N,N,N,N,N,N,First Responder Vehicle,Unknown,Stopped,Unknown,Unknown,Y,N,N,Y,N,N,Y,N,N,N,N,Proceeding Straight,Yes,Unknown,Unknown,N,N,N,Y,N,N,Y,N,N,Y,N,N,At or Below Limit,High
2024,6,11,Subaru Forester 2024,Consumer,Newport,NC,Highway / Freeway,Dry,No Unusual Conditions,Daylight,Y,N,N,N,N,N,N,N,N,"Other, see Narrative",Minor,"Other, see Narrative",Not Applicable,Not Applicable,N,N,N,N,N,N,N,N,N,N,Y,Proceeding Straight,Yes,Yes,Yes,N,Y,Y,Y,N,N,Y,Y,Y,Y,Y,N,Slightly Over,Low
2024,5,22,Tesla Model Y 2023,Consumer,Woodbridge,NJ,Unknown,Unknown,Unknown,Unknown,N,N,N,N,N,N,Y,N,N,Unknown,Unknown,Unknown,Unknown,Unknown,N,N,N,N,N,N,N,N,N,N,Y,Unknown,Yes,Unknown,Unknown,N,N,N,N,N,N,N,N,N,N,N,Y,Moderately Over,Medium
2024,5,3,Tesla Model Y 2024,Consumer,Harmans,MD,Intersection,Dry,Unknown,Dark - Lighted,Y,N,N,N,N,N,N,N,N,Unknown,Unknown,Unknown,Unknown,Unknown,N,N,N,N,N,N,N,N,N,N,Y,Stopped,Yes,Unknown,Unknown,N,N,N,N,N,N,N,N,N,N,N,Y,At or Below Limit,Low
2024,5,11,Tesla Model 3 2024,Consumer,Suwanee,GA,Street,Dry,No Unusual Conditions,Dark - Lighted,Y,N,N,N,N,N,N,N,N,Pole / Tree,Unknown,Unknown,Unknown,Unknown,N,N,N,N,N,N,N,N,N,N,N,Making Right Turn,Yes,Unknown,Unknown,N,N,N,N,N,N,Y,N,N,Y,N,N,At or Below Limit,Low
2024,5,20,Tesla Model Y 2022,Consumer,Palmetto,FL,Unknown,Unknown,Unknown,Unknown,N,N,N,N,N,N,Y,N,N,Unknown,Unknown,Unknown,Unknown,Unknown,N,N,N,N,N,N,N,N,N,N,Y,Unknown,Yes,Unknown,Unknown,N,N,N,N,N,N,N,N,N,N,N,Y,At or Below Limit,High
2024,5,23,Tesla Model 3 2020,Consumer,San Antonio,TX,Street,Dry,No Unusual Conditions,Daylight,Y,N,N,N,N,N,N,N,N,Passenger Car,Unknown,Crossing into Opposing Lane,Unknown,Unknown,N,Y,Y,N,N,Y,N,N,N,N,N,Proceeding Straight,Yes,Unknown,Unknown,N,N,N,N,N,N,Y,N,Y,Y,N,N,At or Below Limit,Very High
2024,5,2,Tesla Model Y 2020,Consumer,Brazil,IN,Highway / Freeway,Dry,No Unusual Conditions,Dark - Lighted,Y,N,N,N,N,N,N,N,N,Animal,Unknown,NM Crossing Roadway,Unknown,Unknown,N,N,N,N,N,N,N,N,N,N,N,Unknown,Yes,Unknown,Unknown,N,N,N,Y,N,N,Y,N,N,Y,N,N,Slightly Over,Very High
2024,5,10,Tesla Model 3 2021,Consumer,Owings,MD,Street,Dry,No Unusual Conditions,Dawn / Dusk,N,N,N,Y,N,N,N,N,N,Van,Unknown,Changing Lanes,Unknown,Unknown,Y,Y,N,N,N,N,N,N,N,N,N,Proceeding Straight,Yes,Unknown,Unknown,N,Y,Y,Y,N,N,Y,Y,Y,Y,N,N,Significantly Over,Very High
2024,5,2,Tesla Model Y 2023,Consumer,Phoenix,AZ,Unknown,Unknown,Unknown,Unknown,N,N,N,N,N,N,Y,N,N,Unknown,Unknown,Unknown,Unknown,Unknown,N,N,N,N,N,N,N,N,N,N,Y,Unknown,Yes,Unknown,Unknown,N,N,N,N,N,N,N,N,N,N,N,Y,At or Below Limit,Medium
2024,5,21,Tesla Model Y 2023,Consumer,Windermere,FL,Unknown,Unknown,Unknown,Unknown,N,N,N,N,N,N,Y,N,N,Unknown,Unknown,Unknown,Unknown,Unknown,N,N,N,N,N,N,N,N,N,N,Y,Unknown,Yes,Unknown,Unknown,N,N,N,N,N,N,N,N,N,N,N,Y,At or Below Limit,Medium
2024,4,22,Tesla Model Y 2023,Consumer,Riverview,FL,Street,Unknown,Unknown,Unknown,N,N,N,N,N,N,Y,N,N,Pole / Tree,Unknown,Unknown,Unknown,Unknown,N,N,N,N,N,N,N,N,N,N,N,Unknown,Yes,Unknown,Unknown,N,N,N,N,N,N,N,N,N,N,N,Y,At or Below Limit,Medium
2024,4,23,Tesla Model 3 2018,Consumer,Baltimore,MD,Unknown,Unknown,Unknown,Unknown,N,N,N,N,N,N,Y,N,N,Pole / Tree,Unknown,Unknown,Unknown,Unknown,N,N,N,N,N,N,N,N,N,N,N,Unknown,Yes,Unknown,Unknown,N,N,N,N,N,N,N,N,Y,Y,N,N,Slightly Over,Very High
2023,9,19,Tesla Model Y 2023,Consumer,Memphis,TN,Street,Dry,No Unusual Conditions,Daylight,N,N,Y,N,N,N,N,N,N,Passenger Car,Unknown,"Other, see Narrative",Unknown,Unknown,N,N,N,N,N,N,Y,N,Y,N,N,Proceeding Straight,Yes,Unknown,Unknown,N,Y,N,Y,N,N,Y,N,N,Y,N,N,Moderately Over,Low
2024,5,20,Tesla Model X 2016,Consumer,Pomona,KS,Unknown,Unknown,Unknown,Unknown,N,N,N,N,N,N,Y,N,N,Unknown,Unknown,Unknown,Unknown,Unknown,N,N,N,N,N,N,N,N,N,N,Y,Unknown,Yes,Unknown,Unknown,N,N,N,N,N,N,N,N,N,N,N,Y,At or Below Limit,Very High
2024,5,6,Tesla Model 3 2023,Consumer,Southborough,MA,Unknown,Unknown,Unknown,Unknown,N,N,Y,N,N,N,N,N,N,Unknown,Unknown,Unknown,Unknown,Unknown,N,N,N,N,N,N,N,N,N,N,Y,Unknown,Yes,Unknown,Unknown,N,N,N,N,N,N,N,N,N,N,N,Y,Slightly Over,High
2024,5,20,Tesla Model 3 2018,Consumer,Franklin,KY,Unknown,Unknown,Unknown,Unknown,N,N,N,N,N,N,Y,N,N,Unknown,Unknown,Unknown,Unknown,Unknown,N,N,N,N,N,N,N,N,N,N,Y,Unknown,Yes,Unknown,Unknown,N,N,N,N,N,N,N,N,N,N,N,Y,Slightly Over,Very High
2024,5,16,Tesla Model X 2018,Consumer,Las Vegas,NV,Unknown,Unknown,Unknown,Unknown,N,N,N,N,N,N,Y,N,N,Unknown,Unknown,Unknown,Unknown,Unknown,N,N,N,N,N,N,N,N,N,N,Y,Unknown,Yes,Unknown,Unknown,N,N,N,N,N,N,N,N,N,N,N,Y,Moderately Over,Very High
2024,5,12,Tesla Model Y 2022,Consumer,Houston,TX,Highway / Freeway,Dry,No Unusual Conditions,Dawn / Dusk,N,N,Y,N,N,N,N,N,N,Other Fixed Object,Unknown,Unknown,Unknown,Unknown,N,N,N,N,N,N,N,N,N,N,N,Unknown,Yes,Unknown,Unknown,N,Y,Y,Y,N,N,Y,N,N,N,N,N,At or Below Limit,Very High
2024,5,22,Tesla Model Y 2021,Consumer,Ashland,MO,Highway / Freeway,Dry,Unknown,Daylight,N,N,Y,N,N,N,N,N,N,Unknown,Unknown,Unknown,Unknown,Unknown,N,N,N,N,N,N,N,N,N,N,Y,Unknown,Yes,Unknown,Unknown,N,N,N,N,N,N,N,N,N,N,N,Y,At or Below Limit,High
2024,5,0,Tesla Model 3 2023,Consumer,Castle Rock,WA,Unknown,Unknown,Unknown,Unknown,N,N,N,N,N,N,Y,N,N,Unknown,Unknown,Unknown,Unknown,Unknown,N,N,N,N,N,N,N,N,N,N,Y,Unknown,Yes,Unknown,Unknown,N,N,N,N,N,N,N,N,N,N,N,Y,Slightly Over,Medium
2024,5,20,Tesla Model Y 2022,Consumer,Houston,TX,Unknown,Dry,Unknown,Daylight,N,N,Y,N,N,N,N,N,N,Unknown,Unknown,Unknown,Unknown,Unknown,N,N,N,N,N,N,N,N,N,N,Y,Unknown,Yes,Unknown,Unknown,N,N,N,N,N,N,N,N,N,N,N,Y,At or Below Limit,Medium
2024,5,10,Tesla Model 3 2022,Consumer,Collinsville,OH,Rural Road,Dry,No Unusual Conditions,Dawn / Dusk,N,N,Y,Y,N,N,N,N,N,Other Fixed Object,Minor,Unknown,Unknown,Unknown,N,N,N,N,N,N,N,N,N,N,N,Proceeding Straight,No,Yes,Unknown,N,N,N,Y,N,N,Y,N,N,Y,Y,N,At or Below Limit,High
2024,5,19,Volkswagen Jetta 2025,In-Vehicle (Commercial / Test),Bloomfield Twp,MI,Highway / Freeway,Dry,"Other, see Narrative",Daylight,Y,N,N,N,N,N,N,N,N,Passenger Car,No Injuries Reported,Stopped,Unknown,Unknown,Y,N,N,Y,N,N,Y,N,N,N,N,Proceeding Straight,Yes,Yes,Yes,N,N,N,Y,N,N,Y,N,N,Y,N,N,Slightly Over,Medium
2024,5,15,Tesla Model X 2017,Consumer,Wade,NC,Highway / Freeway,Unknown,Traffic Incident,Daylight,N,N,N,N,N,N,Y,N,N,"Other, see Narrative",Unknown,"Other, see Narrative",Unknown,Unknown,N,N,N,N,N,N,N,N,N,N,Y,"Other, see Narrative",Yes,Unknown,Unknown,N,N,N,N,N,N,N,N,N,N,N,Y,At or Below Limit,Very High
2023,12,2,Tesla Model X 2019,Consumer,Brentwood,TN,Highway / Freeway,Dry,"Other, see Narrative",Dark - Lighted,Y,N,N,N,N,N,N,N,N,Heavy Truck,Unknown,Entering Traffic,Unknown,Unknown,Y,N,N,Y,N,N,Y,N,N,N,N,Proceeding Straight,Yes,Unknown,Unknown,N,N,N,Y,N,N,Y,N,N,Y,N,N,At or Below Limit,Very High
2023,12,22,Tesla Model X 2018,Consumer,Lutz,FL,Unknown,Unknown,Unknown,Unknown,N,N,N,N,N,N,Y,N,N,Unknown,Unknown,Unknown,Unknown,Unknown,N,N,N,N,N,N,N,N,N,N,Y,Unknown,Yes,Unknown,Unknown,N,N,N,N,N,N,N,N,N,N,N,Y,At or Below Limit,High
2024,5,21,Tesla Model 3 2018,Consumer,Bonsal,NC,Highway / Freeway,Unknown,Unknown,Unknown,N,N,N,N,N,N,Y,N,N,Unknown,Unknown,Unknown,Unknown,Unknown,N,N,N,N,N,N,N,N,N,N,Y,Unknown,Yes,Unknown,Unknown,N,N,N,N,N,N,N,N,N,N,N,Y,At or Below Limit,Very High
2024,5,4,Tesla Model Y 2023,Consumer,Washington,DC,Highway / Freeway,Dry,Unknown,Dark - Lighted,Y,N,N,N,N,N,N,N,N,Unknown,Unknown,Unknown,Unknown,Unknown,N,N,N,N,N,N,N,N,N,N,Y,Unknown,No,Yes,Unknown,N,N,N,N,N,N,N,N,N,N,N,Y,At or Below Limit,High
2024,5,1,Tesla Model Y 2022,Consumer,Springlake,TX,Highway / Freeway,Dry,Unknown,Daylight,Y,N,N,N,N,N,N,N,N,Unknown,Unknown,Unknown,Unknown,Unknown,N,N,N,N,N,N,N,N,N,N,Y,Unknown,Yes,Unknown,Unknown,N,N,N,N,N,N,N,N,N,N,N,Y,Slightly Over,Medium
2024,5,21,Tesla Model 3 2018,Consumer,Dallas,TX,Highway / Freeway,Unknown,Unknown,Unknown,N,N,N,N,N,N,Y,N,N,Unknown,Unknown,Unknown,Unknown,Unknown,N,N,N,N,N,N,N,N,N,N,Y,Unknown,Yes,Unknown,Unknown,N,N,N,N,N,N,N,N,N,N,N,Y,At or Below Limit,Very High
2024,5,19,Tesla Model Y 2023,Consumer,Mt Laurel Township,NJ,Highway / Freeway,Dry,Unknown,Daylight,N,N,Y,N,N,N,N,N,N,Unknown,Unknown,Unknown,Unknown,Unknown,N,N,N,N,N,N,N,N,N,N,Y,Unknown,Yes,Unknown,Unknown,N,N,N,N,N,N,N,N,N,N,N,Y,At or Below Limit,Medium
2024,5,9,Tesla Model S 2022,Consumer,Seneca,MO,Unknown,Unknown,Unknown,Unknown,N,N,N,N,N,N,Y,N,N,Unknown,Unknown,Unknown,Unknown,Unknown,N,N,N,N,N,N,N,N,N,N,Y,Unknown,Yes,Unknown,Unknown,N,N,N,N,N,N,N,N,N,N,N,Y,At or Below Limit,High
2024,5,9,Tesla Model 3 2020,Consumer,Houston,TX,Highway / Freeway,Unknown,Unknown,Dark - Lighted,N,N,Y,N,N,N,N,N,N,Unknown,Unknown,Unknown,Unknown,Unknown,N,N,N,N,N,N,N,N,N,N,Y,Unknown,Yes,Unknown,Unknown,N,N,N,N,N,N,N,N,N,N,N,Y,Moderately Over,Very High
2024,5,18,Tesla Model 3 2022,Consumer,North Augusta,SC,Street,Dry,Unknown,Daylight,Y,N,N,N,N,N,N,N,N,Passenger Car,Unknown,Proceeding Straight,Yes,Unknown,N,N,N,N,N,N,N,N,N,N,Y,Making Left Turn,Yes,Unknown,Unknown,N,N,N,N,N,N,N,N,N,N,N,Y,At or Below Limit,Low
2024,5,21,Tesla Model 3 2023,Consumer,Chicago,IL,Unknown,Unknown,Unknown,Unknown,N,N,N,N,N,N,Y,N,N,Unknown,Unknown,Unknown,Unknown,Unknown,N,N,N,N,N,N,N,N,N,N,Y,Unknown,Yes,Unknown,Unknown,N,N,N,N,N,N,N,N,N,N,N,Y,At or Below Limit,Very High
2024,5,16,Tesla Model X 2024,Consumer,Rosenberg,TX,Intersection,Dry,No Unusual Conditions,Daylight,N,N,Y,N,N,N,N,N,N,First Responder Vehicle,Unknown,"Other, see Narrative",Unknown,Unknown,N,N,Y,N,N,Y,N,N,Y,N,N,Making Left Turn,Yes,Unknown,Unknown,N,N,N,Y,N,N,Y,N,Y,Y,N,N,At or Below Limit,Low
2024,5,4,Tesla Model 3 2023,Consumer,Goldenrod,FL,Street,Dry,Unknown,Dark - Lighted,Y,N,N,N,N,N,N,N,N,Van,Unknown,Unknown,Yes,Unknown,N,N,N,N,N,N,N,N,N,N,Y,Proceeding Straight,Yes,Unknown,Unknown,N,N,N,N,N,N,N,N,N,N,N,Y,At or Below Limit,Medium
2024,5,19,Tesla Model Y 2023,Consumer,White Hills,AZ,Highway / Freeway,Dry,Unknown,Daylight,Y,N,N,N,N,N,N,N,N,Unknown,Unknown,Unknown,Unknown,Unknown,N,N,N,N,N,N,N,N,N,N,Y,Unknown,Yes,Unknown,Unknown,N,N,N,N,N,N,N,N,N,N,N,Y,At or Below Limit,Low
2024,1,14,Honda Accord 2020,Consumer,Rosarito,UNK,Highway / Freeway,Wet,"Other, see Narrative",Unknown,N,N,N,N,Y,N,N,N,N,Heavy Truck,Serious,Parked,Unknown,Unknown,N,N,N,N,N,N,N,N,N,N,Y,"Other, see Narrative",Yes,Yes,Unknown,N,N,N,N,N,N,N,N,N,N,N,Y,At or Below Limit,Very High
2024,4,6,Tesla Model Y 2023,Consumer,Holliston,MA,Street,Dry,Unknown,Dark - Lighted,Y,N,N,N,N,N,N,N,N,Unknown,Unknown,Unknown,Unknown,Unknown,N,N,N,N,N,N,N,N,N,N,Y,Unknown,Yes,Unknown,Unknown,N,N,N,N,N,N,N,N,N,N,N,Y,Moderately Over,Very High
2024,4,19,Tesla Model 3 2019,Consumer,Brodhead,WI,Highway / Freeway,Dry,Unknown,Daylight,Y,N,N,N,N,N,N,N,N,Pickup Truck,Unknown,Entering Traffic,Unknown,Unknown,Y,Y,Y,N,N,N,N,N,N,N,N,Proceeding Straight,Yes,Unknown,Unknown,N,N,N,N,N,N,Y,Y,Y,Y,N,N,At or Below Limit,Very High
2024,4,22,Tesla Model X 2023,Consumer,Great Falls,VA,Street,Unknown,Unknown,Daylight,Y,N,N,N,N,N,N,N,N,Unknown,Unknown,Unknown,Unknown,Unknown,N,N,N,N,N,N,N,N,N,N,Y,Unknown,Yes,Unknown,Unknown,N,N,N,N,N,N,N,N,N,N,N,Y,Moderately Over,Low
2024,4,23,Tesla Model 3 2018,Consumer,Noxapater,MS,Highway / Freeway,Dry,No Unusual Conditions,Daylight,N,N,Y,N,N,N,N,N,N,Pickup Truck,Unknown,Proceeding Straight,Unknown,Unknown,N,N,N,Y,N,N,Y,Y,N,N,N,Proceeding Straight,Yes,Unknown,Unknown,N,N,N,N,N,N,Y,N,N,Y,N,N,At or Below Limit,High
2024,4,15,Tesla Model X 2022,Consumer,Oakland,FL,Highway / Freeway,Dry,Unknown,Daylight,Y,N,N,N,N,N,N,N,N,Unknown,Unknown,Unknown,Unknown,Unknown,N,N,N,N,N,N,N,N,N,N,Y,Proceeding Straight,Yes,Unknown,Unknown,N,N,N,N,N,N,N,N,N,N,N,Y,At or Below Limit,Medium
2024,4,14,Tesla Model Y 2024,Consumer,Phoenix,AZ,Highway / Freeway,Dry,Unknown,Daylight,Y,N,N,N,N,N,N,N,N,Unknown,Unknown,Unknown,Unknown,Unknown,N,N,N,N,N,N,N,N,N,N,Y,Unknown,Yes,Unknown,Unknown,N,N,N,N,N,N,N,N,N,N,N,Y,At or Below Limit,Low
2024,4,16,Tesla Model S 2021,Consumer,Primm,NV,Highway / Freeway,Unknown,Unknown,Unknown,N,N,N,N,N,N,Y,N,N,Unknown,Unknown,Unknown,Unknown,Unknown,N,N,N,N,N,N,N,N,N,N,Y,Proceeding Straight,Yes,Unknown,Unknown,N,N,N,N,N,N,N,N,N,N,N,Y,Moderately Over,High
2024,4,15,Tesla Model Y 2023,Consumer,Roseville,MN,Highway / Freeway,Dry,No Unusual Conditions,Daylight,Y,N,N,N,N,N,N,N,N,Pickup Truck,Unknown,"Other, see Narrative",Unknown,Unknown,N,Y,Y,N,N,N,N,N,N,N,N,Proceeding Straight,Yes,Unknown,Unknown,N,N,N,N,N,N,N,Y,Y,Y,N,N,Slightly Over,Low
2024,4,14,Tesla Model Y 2023,Consumer,Bridgewater,NJ,Unknown,Unknown,Unknown,Unknown,N,N,N,N,N,N,Y,N,N,Unknown,Unknown,Unknown,Unknown,Unknown,N,N,N,N,N,N,N,N,N,N,Y,Proceeding Straight,Yes,Unknown,Unknown,N,N,N,N,N,N,N,N,N,N,N,Y,At or Below Limit,Low
2024,4,14,Tesla Model 3 2023,Consumer,Springfield,VA,Street,Dry,Unknown,Daylight,N,N,Y,N,N,N,N,N,N,Unknown,Unknown,Unknown,Unknown,Unknown,N,N,N,N,N,N,N,N,N,N,Y,"Other, see Narrative",Yes,Unknown,Unknown,N,N,N,N,N,N,N,N,N,N,N,Y,At or Below Limit,Low
2024,4,14,Tesla Model Y 2023,In-Vehicle (Commercial / Test),Austin,TX,Street,Dry,No Unusual Conditions,Daylight,Y,N,N,N,N,N,N,N,N,Non-Motorist: Pedestrian,No Injuries Reported,"Other, see Narrative",Unknown,Unknown,N,N,N,N,N,N,N,N,N,N,N,Proceeding Straight,No,No,Yes,N,N,Y,N,N,N,N,N,N,N,N,N,At or Below Limit,High
2024,4,15,Tesla Model Y 2023,Consumer,Plano,TX,Highway / Freeway,Dry,Unknown,Daylight,N,N,Y,N,N,N,N,N,N,Unknown,Unknown,Unknown,Unknown,Unknown,N,N,N,N,N,N,N,N,N,N,Y,Proceeding Straight,Unknown,Yes,Unknown,N,N,N,N,N,N,N,N,N,N,N,Y,At or Below Limit,Low
2024,4,13,Tesla Model Y 2023,Consumer,Melissa,TX,Intersection,Dry,No Unusual Conditions,Daylight,N,N,Y,N,N,N,N,N,N,SUV,Unknown,Making Left Turn,Unknown,Unknown,N,N,Y,N,N,Y,N,N,Y,N,N,"Other, see Narrative",Yes,Unknown,Unknown,N,N,N,N,N,N,N,Y,Y,N,N,N,At or Below Limit,Medium
2024,4,13,Tesla Model Y 2023,Consumer,Lakewood Ranch,FL,Rural Road,Dry,Unknown,Daylight,Y,N,N,N,N,N,N,N,N,Unknown,Unknown,Unknown,Unknown,Unknown,N,N,N,N,N,N,N,N,N,N,Y,Proceeding Straight,Yes,Unknown,Unknown,N,N,N,N,N,N,N,N,N,N,N,Y,At or Below Limit,Low
2024,4,9,Tesla Model 3 2020,Consumer,Houston,TX,Street,Dry,Unknown,Dark - Lighted,Y,N,N,N,N,N,N,N,N,Unknown,Unknown,Unknown,Unknown,Unknown,N,N,N,N,N,N,N,N,N,N,Y,Proceeding Straight,Yes,Unknown,Unknown,N,N,N,N,N,N,N,N,N,N,N,Y,At or Below Limit,Very High
2024,4,23,Tesla Model 3 2021,Consumer,Joplin,MO,Street,Dry,Unknown,Daylight,Y,N,N,N,N,N,N,N,N,Unknown,Unknown,Unknown,Unknown,Unknown,N,N,N,N,N,N,N,N,N,N,Y,Proceeding Straight,Yes,Unknown,Unknown,N,N,N,N,N,N,N,N,N,N,N,Y,At or Below Limit,High