Year,Month,Hour,Vehicle,Driver / Operator Type,City,State,Roadway Type,Roadway Surface,Roadway Description,Lighting,Weather - Clear,Weather - Snow,Weather - Cloudy,Weather - Fog/Smoke,Weather - Rain,Weather - Severe Wind,Weather - Unknown,Weather - Other,Weather - Other Text,Crash With,Highest Injury Severity Alleged,CP Pre-Crash Movement,CP Any Air Bags Deployed?,CP Was Vehicle Towed?,CP Contact Area - Rear Left,CP Contact Area - Left,CP Contact Area - Front Left,CP Contact Area - Rear,CP Contact Area - Top,CP Contact Area - Front,CP Contact Area - Rear Right,CP Contact Area - Right,CP Contact Area - Front Right,CP Contact Area - Bottom,CP Contact Area - Unknown,SV Pre-Crash Movement,SV Any Air Bags Deployed?,SV Was Vehicle Towed?,SV Were All Passengers Belted?,SV Pre-crash Speed - Unknown,SV Contact Area - Rear Left,SV Contact Area - Left,SV Contact Area - Front Left,SV Contact Area - Rear,SV Contact Area - Top,SV Contact Area - Front,SV Contact Area - Rear Right,SV Contact Area - Right,SV Contact Area - Front Right,SV Contact Area - Bottom,SV Contact Area - Unknown,Speed Difference Category,Mileage Category
2024,4,22,Tesla Model 3 2023,Consumer,North Brunswick Township,NJ,Intersection,Dry,No Unusual Conditions,Daylight,N,N,Y,N,N,N,N,N,N,Passenger Car,Unknown,Making U-Turn,Yes,Unknown,N,N,N,N,N,N,Y,Y,Y,N,N,Proceeding Straight,Yes,Unknown,Unknown,N,N,N,Y,N,N,Y,N,N,Y,N,N,At or Below Limit,Medium
2024,4,17,Tesla Model Y 2023,Consumer,Indianapolis,IN,Intersection,Dry,No Unusual Conditions,Daylight,N,N,Y,N,N,N,N,N,N,Passenger Car,Unknown,Proceeding Straight,Yes,Unknown,N,N,Y,N,N,Y,N,N,Y,N,N,"Other, see Narrative",Yes,Unknown,Unknown,N,N,N,N,N,N,N,Y,Y,N,N,N,At or Below Limit,High
2024,4,4,Tesla Model Y 2024,Consumer,Wheat Ridge,CO,Highway / Freeway,Dry,No Unusual Conditions,Dark - Not Lighted,Y,N,N,N,N,N,N,N,N,Passenger Car,Unknown,Stopped,Unknown,Unknown,Y,N,N,Y,N,N,Y,N,N,N,N,Proceeding Straight,Yes,Unknown,Unknown,N,N,N,Y,N,N,Y,N,N,Y,N,N,At or Below Limit,Low
2024,4,23,Tesla Model Y 2024,Consumer,Port Richey,FL,Unknown,Unknown,Unknown,Unknown,N,N,N,N,N,N,Y,N,N,Unknown,Unknown,Unknown,Unknown,Unknown,N,N,N,N,N,N,N,N,N,N,Y,Proceeding Straight,Yes,Unknown,Unknown,N,N,N,N,N,N,N,N,N,N,N,Y,Significantly Over,Low
2024,4,1,Tesla Model Y 2020,Consumer,Las Vegas,NV,Intersection,Dry,No Unusual Conditions,Daylight,Y,N,N,N,N,N,N,N,N,SUV,Unknown,Proceeding Straight,Yes,Unknown,Y,Y,N,N,N,N,N,N,N,N,N,Proceeding Straight,Yes,Unknown,Unknown,N,N,N,Y,N,N,Y,N,N,Y,N,N,At or Below Limit,High
2024,4,10,Tesla Model Y 2023,Consumer,Ellenwood,GA,Highway / Freeway,Dry,Traffic Incident,Dark - Not Lighted,Y,N,N,N,N,N,N,N,N,SUV,Unknown,"Other, see Narrative",Yes,Unknown,N,N,N,N,N,N,Y,Y,N,N,N,Proceeding Straight,Yes,Unknown,Unknown,N,N,N,Y,N,N,Y,N,N,Y,N,N,At or Below Limit,Medium
2024,4,22,Tesla Model 3 2020,Consumer,Goldsboro,NC,Intersection,Dry,No Unusual Conditions,Daylight,Y,N,N,N,N,N,N,N,N,SUV,Unknown,Making Left Turn,Unknown,Unknown,N,N,N,N,N,Y,N,Y,Y,N,N,Proceeding Straight,Yes,Unknown,Unknown,N,N,Y,Y,N,N,Y,N,N,N,N,N,At or Below Limit,High
2024,4,7,Tesla Model 3 2023,Consumer,Columbus,OH,Intersection,Dry,No Unusual Conditions,Dark - Lighted,Y,N,N,N,N,N,N,N,N,Pickup Truck,Unknown,Proceeding Straight,Unknown,Unknown,N,Y,Y,N,N,N,N,N,N,N,N,Proceeding Straight,Yes,Unknown,Unknown,N,N,N,Y,N,N,Y,N,N,Y,N,N,At or Below Limit,Medium
2024,4,23,Tesla Model 3 2023,Consumer,Powell,TN,Intersection,Dry,Unknown,Daylight,N,N,Y,N,N,N,N,N,N,Unknown,Unknown,Unknown,Unknown,Unknown,N,N,N,N,N,N,N,N,N,N,Y,"Other, see Narrative",Yes,Unknown,Unknown,N,N,N,N,N,N,N,N,N,N,N,Y,At or Below Limit,Low
2024,4,6,GMC Yukon 2024,Consumer,Broussard,LA,Highway / Freeway,Dry,No Unusual Conditions,Daylight,Y,N,N,N,N,N,N,N,N,"Other, see Narrative",No Injuries Reported,"Other, see Narrative",Not Applicable,Not Applicable,N,N,N,N,N,N,N,N,N,N,Y,Changing Lanes,Yes,Unknown,Yes,N,N,N,N,N,N,N,N,N,N,N,Y,Slightly Over,Medium
2024,4,12,Tesla Model X 2022,Consumer,Montgomery,AL,Highway / Freeway,Dry,Unknown,Daylight,N,N,Y,N,N,N,N,N,N,Unknown,Unknown,Unknown,Unknown,Unknown,N,N,N,N,N,N,N,N,N,N,Y,Proceeding Straight,Yes,Unknown,Unknown,N,N,N,N,N,N,N,N,N,N,N,Y,At or Below Limit,Medium
2024,4,0,Tesla Model 3 2023,Consumer,Charlotte,NC,Intersection,Dry,No Unusual Conditions,Dawn / Dusk,N,N,Y,N,N,N,N,N,N,Passenger Car,Unknown,Proceeding Straight,Unknown,Unknown,N,N,Y,N,N,Y,N,N,Y,N,N,"Other, see Narrative",Yes,Unknown,Unknown,N,Y,Y,Y,N,N,N,N,N,N,N,N,At or Below Limit,Medium
2024,4,1,Cadillac Escalade 2021,Consumer,Denver,CO,Highway / Freeway,Dry,No Unusual Conditions,Daylight,N,N,Y,N,N,N,N,N,N,Other Fixed Object,No Injuries Reported,Unknown,Unknown,Unknown,N,N,N,N,N,N,N,N,N,N,N,Proceeding Straight,Yes,Unknown,Yes,N,N,Y,Y,N,N,N,N,N,N,N,N,At or Below Limit,Very High
2024,3,2,Tesla Model 3 2021,Consumer,Miami,FL,Highway / Freeway,Dry,No Unusual Conditions,Dark - Lighted,Y,N,N,N,N,N,N,N,N,Passenger Car,Unknown,Proceeding Straight,Unknown,Unknown,Y,N,N,Y,N,N,Y,N,N,N,N,Proceeding Straight,Yes,Unknown,Unknown,N,N,N,Y,N,N,Y,N,N,Y,N,N,At or Below Limit,High
2024,3,19,Tesla Model Y 2023,Consumer,Lithia,FL,Intersection,Dry,Unknown,Daylight,Y,N,N,N,N,N,N,N,N,Unknown,Unknown,Unknown,Unknown,Unknown,N,N,N,N,N,N,N,N,N,N,Y,"Other, see Narrative",Yes,Unknown,Unknown,N,N,N,N,N,N,N,N,N,N,N,Y,At or Below Limit,Medium
2024,3,22,Tesla Model Y 2022,Consumer,Bellingham,WA,Highway / Freeway,Dry,Traffic Incident,Daylight,N,N,Y,N,N,N,N,N,N,Passenger Car,Unknown,Proceeding Straight,Unknown,Unknown,Y,N,N,Y,N,N,Y,N,N,N,N,Proceeding Straight,Yes,Unknown,Unknown,N,N,N,Y,N,N,Y,N,N,Y,N,N,At or Below Limit,Medium
2024,3,13,Tesla Model 3 2019,Consumer,Grovetown,GA,Intersection,Dry,No Unusual Conditions,Daylight,N,N,Y,N,N,N,N,N,N,SUV,Unknown,"Other, see Narrative",Yes,Unknown,N,N,Y,N,N,Y,N,N,N,N,N,Proceeding Straight,Yes,Unknown,Unknown,N,N,N,N,N,N,Y,N,N,Y,N,N,Slightly Over,Very High
2024,3,11,Tesla Model Y 2021,Consumer,Clark,NJ,Highway / Freeway,Dry,Work Zone,Dawn / Dusk,Y,N,N,N,N,N,N,N,N,SUV,Unknown,"Other, see Narrative",Unknown,Unknown,N,N,Y,N,N,Y,N,N,Y,N,N,"Other, see Narrative",Yes,Unknown,Unknown,N,Y,Y,N,N,N,N,N,N,N,N,N,Slightly Over,High
2024,3,16,Tesla Model Y 2021,Consumer,Windsor,CT,Highway / Freeway,Dry,No Unusual Conditions,Daylight,Y,N,N,N,N,N,N,N,N,Other Fixed Object,Unknown,Unknown,Unknown,Unknown,N,N,N,N,N,N,N,N,N,N,N,Proceeding Straight,Yes,Unknown,Unknown,N,N,Y,Y,N,N,Y,N,N,N,N,N,At or Below Limit,Very High
2024,1,10,Tesla Model 3 2023,Consumer,Dallas,TX,Street,Dry,"Other, see Narrative",Dark - Lighted,Y,N,N,N,N,N,N,N,N,"Other, see Narrative",Unknown,Unknown,Unknown,Unknown,N,N,N,N,N,N,N,N,N,N,Y,Proceeding Straight,Yes,Unknown,Unknown,N,N,N,Y,N,N,Y,N,N,Y,N,N,Slightly Over,Medium
2023,12,8,Tesla Model 3 2023,Consumer,Cleveland,OH,Highway / Freeway,Wet,No Unusual Conditions,Dark - Lighted,N,N,Y,N,N,N,N,N,N,SUV,Unknown,Lane / Road Departure,Unknown,Unknown,N,N,Y,N,N,Y,N,N,N,N,N,Proceeding Straight,Yes,Unknown,Unknown,N,N,N,N,Y,N,N,Y,N,N,N,N,At or Below Limit,High
2023,12,4,Tesla Model 3 2022,Consumer,Vienna,VA,Intersection,Dry,No Unusual Conditions,Dark - Not Lighted,Y,N,N,N,N,N,N,N,N,Passenger Car,Unknown,"Other, see Narrative",Yes,Unknown,N,N,Y,N,N,Y,N,N,Y,N,N,Proceeding Straight,Yes,Unknown,Unknown,N,N,Y,Y,N,N,Y,N,N,N,N,N,Slightly Over,Medium
2023,12,2,Tesla Model 3 2022,Consumer,Pleasant Township,OH,Traffic Circle,Dry,No Unusual Conditions,Dark - Lighted,Y,N,N,N,N,N,N,N,N,Other Fixed Object,Unknown,Unknown,Unknown,Unknown,N,N,N,N,N,N,N,N,N,N,N,Proceeding Straight,Yes,Unknown,Unknown,N,N,Y,Y,N,N,Y,N,N,N,Y,N,At or Below Limit,Medium
2023,12,0,Tesla Model 3 2018,Consumer,Atlanta,GA,Unknown,Unknown,Unknown,Unknown,N,N,N,N,N,N,Y,N,N,Unknown,Unknown,Unknown,Unknown,Unknown,N,N,N,N,N,N,N,N,N,N,Y,Proceeding Straight,Yes,Unknown,Unknown,N,N,N,N,N,N,N,N,N,N,N,Y,At or Below Limit,High
2023,12,19,Tesla Model 3 2023,Consumer,Tampa,FL,Highway / Freeway,Dry,No Unusual Conditions,Daylight,Y,N,N,N,N,N,N,N,N,Other Fixed Object,Unknown,Unknown,Unknown,Unknown,N,N,N,N,N,N,N,N,N,N,N,Proceeding Straight,Yes,Unknown,Unknown,N,Y,Y,Y,N,N,N,N,N,N,N,N,Slightly Over,Low
2024,3,19,Tesla Model 3 2019,Consumer,Red Mills,VA,Highway / Freeway,Dry,"Other, see Narrative",Daylight,N,N,Y,N,N,N,N,N,N,Passenger Car,Unknown,Stopped,Unknown,Unknown,Y,N,N,Y,N,N,Y,N,N,N,N,Proceeding Straight,Yes,Unknown,Unknown,N,N,N,Y,N,N,Y,N,N,Y,N,N,At or Below Limit,High
2024,3,16,Tesla Model 3 2021,Consumer,Garden City,NY,Intersection,Dry,No Unusual Conditions,Daylight,Y,N,N,N,N,N,N,N,N,SUV,Unknown,Making Left Turn,Unknown,Unknown,N,N,Y,N,N,Y,N,N,Y,N,N,Proceeding Straight,Yes,Unknown,Unknown,N,N,N,Y,N,N,Y,N,N,Y,N,N,Slightly Over,Medium
2024,3,18,Tesla Model 3 2022,Consumer,Lockland,OH,Highway / Freeway,Dry,No Unusual Conditions,Daylight,Y,N,N,N,N,N,N,N,N,Pickup Truck,Unknown,Proceeding Straight,Unknown,Unknown,Y,Y,N,Y,N,N,N,N,N,N,N,Proceeding Straight,Unknown,Yes,Unknown,N,N,N,N,N,N,N,Y,Y,Y,N,N,Significantly Over,High
2024,3,20,Tesla Model 3 2020,Consumer,Wildwood,FL,Intersection,Dry,No Unusual Conditions,Daylight,Y,N,N,N,N,N,N,N,N,"Other, see Narrative",Unknown,Making Left Turn,Unknown,Unknown,Y,Y,N,Y,N,N,N,N,N,N,N,"Other, see Narrative",Yes,Unknown,Unknown,N,N,N,Y,N,N,Y,N,N,Y,N,N,Slightly Over,Very High
2024,3,0,Tesla Model 3 2020,Consumer,Tiverton,RI,Rural Road,Dry,No Unusual Conditions,Dark - Not Lighted,Y,N,N,N,N,N,N,N,N,SUV,Unknown,Traveling Wrong Way,Unknown,Unknown,N,N,Y,N,N,Y,N,N,Y,N,N,Proceeding Straight,Yes,Unknown,Unknown,N,N,N,Y,N,N,Y,N,N,Y,N,N,At or Below Limit,High
2024,2,12,Ford Escape 2021,Consumer,Libertyville Twp,IL,Highway / Freeway,Dry,No Unusual Conditions,Daylight,Y,N,N,N,N,N,N,N,N,Passenger Car,No Injuries Reported,Changing Lanes,No,No,Y,N,N,N,N,N,N,N,N,N,N,Proceeding Straight,Yes,Yes,Yes,N,Y,Y,Y,N,N,Y,N,Y,Y,N,N,At or Below Limit,Medium
2024,3,21,Tesla Model 3 2018,Consumer,Venice,FL,Highway / Freeway,Dry,Unknown,Daylight,Y,N,N,N,N,N,N,N,N,Unknown,Unknown,Unknown,Unknown,Unknown,N,N,N,N,N,N,N,N,N,N,Y,Proceeding Straight,Yes,Unknown,Unknown,N,N,N,N,N,N,N,N,N,N,N,Y,At or Below Limit,High
2024,3,13,GMC Sierra 1500 2023,Consumer,Newport,MI,Street,Dry,No Unusual Conditions,Daylight,N,N,N,N,N,N,N,Y,partly cloudy,Heavy Truck,Unknown,Stopped,Unknown,Unknown,N,N,N,N,N,N,N,N,N,N,Y,Proceeding Straight,Yes,Unknown,Yes,N,N,N,Y,N,N,N,N,N,N,N,N,At or Below Limit,Medium
2024,3,13,HONDA ACCORD 2020,Consumer,Louisville,KY,Highway / Freeway,Dry,No Unusual Conditions,Daylight,N,N,N,N,N,N,Y,N,N,Heavy Truck,No Injuries Reported,Proceeding Straight,No,No,Y,Y,N,N,N,N,N,N,N,N,N,Proceeding Straight,No,No,Yes,N,N,N,N,Y,N,N,N,N,N,N,N,Slightly Over,Very High
2024,3,16,Subaru Outback 2020,Consumer,Victoria,TX,Intersection,Dry,No Unusual Conditions,Daylight,Y,N,N,N,N,N,N,N,N,SUV,Minor,Unknown,Unknown,Unknown,N,N,Y,N,N,Y,N,N,Y,N,N,Proceeding Straight,No,Yes,Yes,N,N,N,Y,N,N,N,N,N,N,N,N,Moderately Over,High
2024,3,14,Subaru Outback 2024,Consumer,Westfield,NY,Highway / Freeway,Dry,No Unusual Conditions,Daylight,Y,N,N,N,N,N,N,N,N,Other Fixed Object,No Injuries Reported,Unknown,Unknown,Unknown,N,N,N,N,N,N,N,N,N,N,N,Proceeding Straight,Yes,Yes,Unknown,N,Y,Y,Y,N,N,N,N,N,N,N,N,At or Below Limit,Low
2024,3,0,Tesla Model 3 2021,Consumer,Arlington,TX,Highway / Freeway,Dry,No Unusual Conditions,Daylight,Y,N,N,N,N,N,N,N,N,SUV,Unknown,Proceeding Straight,Unknown,Unknown,N,N,Y,N,N,Y,N,N,Y,N,N,Lane / Road Departure,Yes,Unknown,Unknown,N,Y,Y,N,N,N,N,N,N,N,N,N,Slightly Over,High
2024,3,18,Tesla Model 3 2018,Consumer,Knoxville,TN,Unknown,Unknown,Unknown,Unknown,N,N,N,N,N,N,Y,N,N,Unknown,Unknown,Unknown,Unknown,Unknown,N,N,N,N,N,N,N,N,N,N,Y,Proceeding Straight,Yes,Unknown,Unknown,N,N,N,N,N,N,N,N,N,N,N,Y,At or Below Limit,Very High
2024,3,13,Tesla Model 3 2022,Consumer,Suffolk,VA,Intersection,Dry,No Unusual Conditions,Daylight,N,N,Y,N,N,N,N,N,N,Passenger Car,Unknown,Proceeding Straight,Unknown,Unknown,N,N,Y,N,N,Y,N,N,Y,N,N,Making Left Turn,Yes,Unknown,Unknown,N,N,N,N,N,N,N,Y,Y,N,N,N,At or Below Limit,High
2024,2,22,Ford Mach-E 2022,Consumer,San Antonio,TX,Highway / Freeway,Dry,No Unusual Conditions,Dark - Not Lighted,Y,N,N,N,N,N,N,N,N,SUV,Fatality,Stopped,Yes,Yes,N,N,N,Y,N,N,N,N,N,Y,N,Proceeding Straight,Yes,Yes,Yes,N,N,N,Y,N,Y,Y,N,N,Y,N,N,At or Below Limit,Medium
2024,3,8,Tesla Model 3 2021,Consumer,Pompano Beach,FL,Highway / Freeway,Dry,No Unusual Conditions,Dark - Lighted,N,N,Y,N,N,N,N,N,N,Passenger Car,Unknown,"Other, see Narrative",Unknown,Unknown,N,N,N,N,N,N,Y,Y,Y,N,N,Stopped,Yes,Unknown,Unknown,N,Y,Y,N,N,N,N,N,N,N,N,N,At or Below Limit,High
2024,3,6,Tesla Model Y 2020,Consumer,Charlotte,NC,Highway / Freeway,Dry,No Unusual Conditions,Dark - Lighted,N,N,Y,N,N,N,N,N,N,Passenger Car,Unknown,Lane / Road Departure,Unknown,Unknown,N,N,N,N,N,N,Y,Y,Y,N,N,Proceeding Straight,Yes,Unknown,Unknown,N,Y,Y,Y,N,N,N,N,N,N,N,N,At or Below Limit,Very High
2024,3,3,Tesla Model Y 2023,Consumer,Apopka,FL,Highway / Freeway,Dry,No Unusual Conditions,Dark - Lighted,Y,N,N,N,N,N,N,N,N,Passenger Car,Unknown,Changing Lanes,Unknown,Unknown,Y,Y,Y,N,N,N,N,N,N,N,N,Proceeding Straight,Yes,Unknown,Unknown,N,N,N,N,N,N,N,Y,Y,N,N,N,Slightly Over,Low
2024,2,13,Tesla Model 3 2020,Consumer,East Orange,NJ,Intersection,Wet,No Unusual Conditions,Daylight,N,N,Y,N,N,N,N,N,N,SUV,Unknown,Proceeding Straight,Yes,Unknown,N,N,Y,N,N,Y,N,N,Y,N,N,"Other, see Narrative",Yes,Unknown,Unknown,N,N,N,Y,N,N,Y,N,N,Y,N,N,At or Below Limit,Very High
2024,2,21,Tesla Model 3 2019,Consumer,Arden Hills,MN,Highway / Freeway,Dry,No Unusual Conditions,Daylight,Y,N,N,N,N,N,N,N,N,Passenger Car,Unknown,"Other, see Narrative",Yes,Unknown,N,N,N,N,N,N,N,Y,Y,N,N,Proceeding Straight,Yes,Unknown,Unknown,N,Y,Y,Y,N,N,N,N,N,N,N,N,At or Below Limit,Very High
2024,2,0,Tesla Model 3 2020,Consumer,Crown City,OH,Rural Road,Dry,"Other, see Narrative",Dark - Not Lighted,Y,N,N,N,N,N,N,N,N,Pickup Truck,Unknown,"Other, see Narrative",Unknown,Unknown,Y,Y,N,N,N,N,N,N,N,N,N,Proceeding Straight,Yes,Unknown,Unknown,N,N,N,Y,N,N,Y,N,N,Y,N,N,At or Below Limit,Medium
2024,2,11,Tesla Model 3 2020,Consumer,Houston,TX,Highway / Freeway,Dry,"Other, see Narrative",Dark - Lighted,N,N,Y,N,N,N,N,N,N,"Other, see Narrative",Unknown,Unknown,Unknown,Unknown,N,N,N,N,N,N,N,N,N,N,Y,Proceeding Straight,Yes,Unknown,Unknown,N,N,N,N,N,N,Y,N,N,N,Y,N,At or Below Limit,Very High
2024,2,21,Tesla Model 3 2022,Consumer,Frisco,TX,Intersection,Dry,No Unusual Conditions,Daylight,Y,N,N,N,N,N,N,N,N,Pickup Truck,Unknown,Stopped,Unknown,Unknown,Y,Y,N,N,N,N,N,N,N,N,N,"Other, see Narrative",Yes,Unknown,Unknown,N,N,Y,Y,N,N,Y,N,N,N,N,N,At or Below Limit,Medium
2024,2,16,Tesla Model 3 2022,Consumer,Shawnee Hills,OH,Rural Road,Snow / Slush / Ice,No Unusual Conditions,Daylight,N,N,Y,N,N,N,N,N,N,"Other, see Narrative",Unknown,Unknown,Unknown,Unknown,N,N,N,N,N,N,N,N,N,N,Y,Proceeding Straight,Yes,Yes,Unknown,N,N,N,Y,N,N,Y,Y,Y,Y,Y,N,At or Below Limit,High
2024,2,2,Tesla Model Y 2020,Consumer,San Tan Valley,AZ,Intersection,Dry,No Unusual Conditions,Dark - Lighted,Y,N,N,N,N,N,N,N,N,Passenger Car,Unknown,"Other, see Narrative",Unknown,Unknown,N,N,N,N,N,N,Y,Y,Y,N,N,Proceeding Straight,Yes,Unknown,Unknown,N,N,N,Y,N,N,Y,N,N,Y,N,N,At or Below Limit,High
2024,2,6,Tesla Model Y 2021,Consumer,Dallas,TX,Highway / Freeway,Dry,No Unusual Conditions,Dark - Lighted,N,N,Y,N,N,N,N,N,N,Other Fixed Object,Unknown,Unknown,Unknown,Unknown,N,N,N,N,N,N,N,N,N,N,N,Proceeding Straight,Yes,Unknown,Unknown,N,Y,Y,N,N,N,N,N,N,N,N,N,At or Below Limit,High
2024,2,19,Chevrolet Bolt 2022,Consumer,Springfield,VA,Highway / Freeway,Dry,No Unusual Conditions,Dark - Lighted,N,N,Y,N,N,N,N,N,N,"Other, see Narrative",No Injuries Reported,Unknown,Unknown,Unknown,N,N,N,N,N,N,N,N,N,N,Y,Changing Lanes,Yes,Unknown,Yes,N,N,N,Y,N,N,N,N,N,N,N,N,At or Below Limit,High
2024,2,22,Tesla Model X 2016,Consumer,Pompton Lakes,NJ,Unknown,Unknown,Unknown,Unknown,N,N,N,N,N,N,Y,N,N,Unknown,Unknown,Unknown,Unknown,Unknown,N,N,N,N,N,N,N,N,N,N,Y,Proceeding Straight,Yes,Unknown,Unknown,N,N,N,N,N,N,N,N,N,N,N,Y,At or Below Limit,Very High
2024,2,21,Tesla Model S 2022,Consumer,Whitmore Lake,MI,Unknown,Unknown,Unknown,Unknown,N,N,N,N,N,N,Y,N,N,Unknown,Unknown,Unknown,Unknown,Unknown,N,N,N,N,N,N,N,N,N,N,Y,Proceeding Straight,Yes,Unknown,Unknown,N,N,N,N,N,N,N,N,N,N,N,Y,At or Below Limit,Very High
2024,2,10,Subaru Outback 2022,Consumer,Oxford,AL,Rural Road,Wet,"Other, see Narrative",Daylight,N,N,Y,N,Y,N,N,N,N,Other Fixed Object,Minor,Unknown,Unknown,Unknown,N,N,N,N,N,N,N,N,N,N,N,Proceeding Straight,No,Yes,Yes,N,N,N,N,N,N,Y,N,N,Y,Y,N,Moderately Over,Medium
2023,10,23,KIA K5 2022,Consumer,BRICK TOWNSHIP,NJ,Highway / Freeway,Wet,"Other, see Narrative",Dark - Lighted,N,N,N,N,Y,N,N,N,N,"Other, see Narrative",No Injuries Reported,Changing Lanes,Unknown,Unknown,N,N,N,N,N,N,N,N,N,N,Y,Proceeding Straight,No,Yes,Yes,N,N,N,N,N,N,N,N,N,N,N,Y,Slightly Over,High
2024,2,6,Tesla Model Y 2023,Consumer,Stoughton,MA,Unknown,Unknown,Unknown,Unknown,N,N,N,N,N,N,Y,N,N,Unknown,Unknown,Unknown,Unknown,Unknown,N,N,N,N,N,N,N,N,N,N,Y,"Other, see Narrative",Yes,Unknown,Unknown,N,N,N,N,N,N,N,N,N,N,N,Y,Significantly Over,Low
2024,1,22,Tesla Model Y 2023,Consumer,Caledonia,WI,Unknown,Unknown,Unknown,Unknown,N,N,N,N,N,N,Y,N,N,Unknown,Unknown,Unknown,Unknown,Unknown,N,N,N,N,N,N,N,N,N,N,Y,Proceeding Straight,Yes,Unknown,Unknown,N,N,N,N,N,N,N,N,N,N,N,Y,Slightly Over,Low
2024,1,20,Tesla Model 3 2019,Consumer,Colchester,VT,Street,Dry,No Unusual Conditions,Daylight,N,N,Y,N,N,N,N,N,N,SUV,Unknown,Proceeding Straight,Unknown,Unknown,N,N,Y,N,N,Y,N,N,N,N,N,"Other, see Narrative",Yes,Unknown,Unknown,N,N,N,Y,N,N,Y,N,N,Y,N,N,At or Below Limit,Medium
2024,1,17,Tesla Model Y 2023,Consumer,Houston,TX,Highway / Freeway,Dry,No Unusual Conditions,Daylight,N,N,Y,N,N,N,N,N,N,Other Fixed Object,Unknown,Unknown,Unknown,Unknown,N,N,N,N,N,N,N,N,N,N,N,Proceeding Straight,Yes,Unknown,Unknown,N,Y,Y,Y,N,N,Y,N,N,N,N,N,At or Below Limit,Medium
2024,1,23,Tesla Model Y 2023,Consumer,San Antonio,TX,Intersection,Dry,No Unusual Conditions,Daylight,Y,N,N,N,N,N,N,N,N,SUV,Unknown,Making Left Turn,Unknown,Unknown,N,N,N,N,N,N,N,Y,Y,N,N,Proceeding Straight,Yes,Unknown,Unknown,N,N,N,Y,N,N,Y,N,N,Y,N,N,At or Below Limit,Low
2024,1,9,Tesla Model 3 2019,Consumer,Denver,CO,Unknown,Unknown,Unknown,Unknown,N,N,N,N,N,N,Y,N,N,Unknown,Unknown,Unknown,Unknown,Unknown,N,N,N,N,N,N,N,N,N,N,Y,Proceeding Straight,Yes,Unknown,Unknown,N,N,N,N,N,N,N,N,N,N,N,Y,Slightly Over,Very High
2024,1,0,Tesla Model Y 2023,Consumer,Colts Neck,NJ,Street,Snow / Slush / Ice,Unknown,Dark - Not Lighted,N,N,Y,N,N,N,N,N,N,Unknown,Unknown,Unknown,Unknown,Unknown,N,N,N,N,N,N,N,N,N,N,Y,Proceeding Straight,Yes,Unknown,Unknown,N,N,N,N,N,N,N,N,N,N,N,Y,At or Below Limit,Low
2024,1,6,Tesla Model Y 2020,Consumer,Vienna,VA,Highway / Freeway,Snow / Slush / Ice,No Unusual Conditions,Dark - Lighted,N,N,Y,N,N,N,N,N,N,Other Fixed Object,Unknown,Unknown,Unknown,Unknown,N,N,N,N,N,N,N,N,N,N,N,Changing Lanes,Yes,Unknown,Unknown,N,Y,Y,Y,N,N,N,N,N,N,N,N,Moderately Over,Very High
2024,1,14,Tesla Model 3 2022,Consumer,Dallas,TX,Highway / Freeway,"Other, see Narrative",No Unusual Conditions,Daylight,N,N,Y,N,N,N,N,N,N,Other Fixed Object,Unknown,Unknown,Unknown,Unknown,N,N,N,N,N,N,N,N,N,N,N,Proceeding Straight,Yes,Unknown,Unknown,N,N,N,N,N,N,N,Y,Y,Y,N,N,At or Below Limit,Very High
2024,1,4,Tesla Model Y 2023,Consumer,Plano,TX,Unknown,Unknown,Unknown,Unknown,N,N,N,N,N,N,Y,N,N,Unknown,Unknown,Unknown,Unknown,Unknown,N,N,N,N,N,N,N,N,N,N,Y,Proceeding Straight,Yes,Unknown,Unknown,N,N,N,N,N,N,N,N,N,N,N,Y,At or Below Limit,Low
2024,1,10,Tesla Model 3 2019,Consumer,Commack,NY,Unknown,Unknown,Unknown,Unknown,N,N,N,N,N,N,Y,N,N,Unknown,Unknown,Unknown,Unknown,Unknown,N,N,N,N,N,N,N,N,N,N,Y,Proceeding Straight,Yes,Unknown,Unknown,N,N,N,N,N,N,N,N,N,N,N,Y,At or Below Limit,Very High
2024,1,23,Tesla Model S 2021,Consumer,Summit,WA,Street,Dry,No Unusual Conditions,Daylight,N,N,Y,N,N,N,N,N,N,Passenger Car,Unknown,"Other, see Narrative",Yes,Unknown,N,Y,Y,N,N,N,N,N,N,N,N,Proceeding Straight,Yes,Unknown,Unknown,N,N,N,Y,N,N,Y,N,N,Y,N,N,At or Below Limit,Very High
2023,12,8,Tesla Model 3 2022,Consumer,Langhorne,PA,Unknown,Unknown,Unknown,Unknown,N,N,N,N,N,N,Y,N,N,Unknown,Unknown,Unknown,Unknown,Unknown,N,N,N,N,N,N,N,N,N,N,Y,Proceeding Straight,Yes,Unknown,Unknown,N,N,N,N,N,N,N,N,N,N,N,Y,At or Below Limit,High