Year,Month,Hour,Vehicle,Driver / Operator Type,City,State,Roadway Type,Roadway Surface,Roadway Description,Lighting,Weather - Clear,Weather - Snow,Weather - Cloudy,Weather - Fog/Smoke,Weather - Rain,Weather - Severe Wind,Weather - Unknown,Weather - Other,Weather - Other Text,Crash With,Highest Injury Severity Alleged,CP Pre-Crash Movement,CP Any Air Bags Deployed?,CP Was Vehicle Towed?,CP Contact Area - Rear Left,CP Contact Area - Left,CP Contact Area - Front Left,CP Contact Area - Rear,CP Contact Area - Top,CP Contact Area - Front,CP Contact Area - Rear Right,CP Contact Area - Right,CP Contact Area - Front Right,CP Contact Area - Bottom,CP Contact Area - Unknown,SV Pre-Crash Movement,SV Any Air Bags Deployed?,SV Was Vehicle Towed?,SV Were All Passengers Belted?,SV Pre-crash Speed - Unknown,SV Contact Area - Rear Left,SV Contact Area - Left,SV Contact Area - Front Left,SV Contact Area - Rear,SV Contact Area - Top,SV Contact Area - Front,SV Contact Area - Rear Right,SV Contact Area - Right,SV Contact Area - Front Right,SV Contact Area - Bottom,SV Contact Area - Unknown,Speed Difference Category,Mileage Category
2023,6,2,Tesla Model S 2016,Consumer,Oakmont,PA,Unknown,Unknown,Unknown,Unknown,N,N,N,N,N,N,Y,N,N,Unknown,Unknown,Unknown,Unknown,Unknown,N,N,N,N,N,N,N,N,N,N,Y,Proceeding Straight,Yes,Unknown,Unknown,N,N,N,N,N,N,N,N,N,N,N,Y,At or Below Limit,Very High
2023,6,22,Tesla Model Y 2023,Consumer,Richardson,TX,Intersection,Dry,No Unusual Conditions,Daylight,Y,N,N,N,N,N,N,N,N,Passenger Car,Unknown,Proceeding Straight,Unknown,Unknown,N,N,Y,N,N,Y,N,N,Y,N,N,Proceeding Straight,Yes,Unknown,Unknown,N,N,N,N,N,N,N,Y,Y,Y,N,N,At or Below Limit,Low
2023,6,13,Subaru Outback 2024,Consumer,Mayflower,AR,Highway / Freeway,Dry,Unknown,Daylight,Y,N,N,N,N,N,N,N,N,Unknown,No Injuries Reported,Unknown,Unknown,Unknown,N,N,N,N,N,N,N,N,N,N,Y,Unknown,Yes,Yes,Unknown,N,N,N,N,N,N,N,N,N,N,N,Y,At or Below Limit,Low
2023,6,12,Tesla Model S 2023,Consumer,Middleton,OH,Highway / Freeway,Dry,Unknown,Daylight,N,N,Y,N,N,N,N,N,N,Unknown,Unknown,Unknown,Unknown,Unknown,N,N,N,N,N,N,N,N,N,N,Y,Proceeding Straight,Yes,Unknown,Unknown,N,N,N,N,N,N,N,N,N,N,N,Y,Moderately Over,Low
2023,6,13,Tesla Model 3 2019,Consumer,Albuquerque,NM,Highway / Freeway,Dry,No Unusual Conditions,Daylight,Y,N,N,N,N,N,N,N,N,Passenger Car,Unknown,"Other, see Narrative",Unknown,Unknown,N,N,N,N,N,Y,N,Y,Y,N,N,Proceeding Straight,Yes,Unknown,Unknown,N,Y,Y,Y,N,N,N,N,N,N,N,N,At or Below Limit,Very High
2023,6,14,Tesla Model S 2020,Consumer,Berkeley Heights,NJ,Street,Dry,Unknown,Daylight,N,N,N,N,N,N,N,Y,Partly Cloudy,Unknown,Unknown,Unknown,Unknown,Unknown,N,N,N,N,N,N,N,N,N,N,Y,Proceeding Straight,Yes,Unknown,Unknown,N,N,N,N,N,N,N,N,N,N,N,Y,At or Below Limit,High
2023,6,22,Tesla Model Y 2021,Consumer,Weston,MA,Highway / Freeway,Wet,No Unusual Conditions,Daylight,N,N,Y,N,Y,N,N,N,N,Other Fixed Object,Unknown,Unknown,Unknown,Unknown,N,N,N,N,N,N,N,N,N,N,N,Proceeding Straight,Yes,Unknown,Unknown,N,N,N,Y,N,N,Y,N,N,Y,N,N,At or Below Limit,High
2023,6,5,Tesla Model 3 2019,Consumer,Redmond,WA,Intersection,Dry,No Unusual Conditions,Dark - Lighted,Y,N,N,N,N,N,N,N,N,Pole / Tree,Unknown,Unknown,Unknown,Unknown,N,N,N,N,N,N,N,N,N,N,N,Proceeding Straight,Yes,Unknown,Unknown,N,N,N,Y,N,N,Y,N,N,N,Y,N,At or Below Limit,Very High
2023,6,21,Tesla Model 3 2021,Consumer,Bermuda Run,NC,Highway / Freeway,Wet,No Unusual Conditions,Daylight,N,N,Y,N,Y,N,N,N,N,Other Fixed Object,Unknown,Unknown,Unknown,Unknown,N,N,N,N,N,N,N,N,N,N,N,Proceeding Straight,Yes,Unknown,Unknown,N,N,N,Y,N,N,Y,N,N,Y,N,N,At or Below Limit,High
2023,6,21,Tesla Model Y 2022,Consumer,Jackson,GA,Highway / Freeway,Dry,Unknown,Daylight,Y,N,N,N,N,N,N,N,N,Unknown,Unknown,Unknown,Unknown,Unknown,N,N,N,N,N,N,N,N,N,N,Y,Proceeding Straight,Yes,Unknown,Unknown,N,N,N,N,N,N,N,N,N,N,N,Y,At or Below Limit,Medium
2023,6,4,Tesla Model S 2022,Consumer,North Miami Beach,FL,Highway / Freeway,Dry,No Unusual Conditions,Dark - Lighted,Y,N,N,N,N,N,N,N,N,Passenger Car,Unknown,"Other, see Narrative",Unknown,Unknown,N,Y,Y,N,N,Y,N,N,N,N,N,Proceeding Straight,Yes,Unknown,Unknown,N,N,N,N,N,N,N,Y,Y,Y,N,N,Moderately Over,Medium
2023,6,19,Tesla Model 3 2020,Consumer,Alachua,FL,Intersection,Dry,No Unusual Conditions,Daylight,Y,N,N,N,N,N,N,N,N,SUV,Unknown,Proceeding Straight,Unknown,Unknown,N,N,Y,N,N,Y,N,N,Y,N,N,Proceeding Straight,Yes,Unknown,Unknown,N,N,N,N,N,N,N,Y,Y,Y,N,N,At or Below Limit,High
2023,6,19,Tesla Model 3 2021,Consumer,Saranac,MI,Intersection,Dry,No Unusual Conditions,Daylight,Y,N,N,N,N,N,N,N,N,Pickup Truck,Unknown,Proceeding Straight,Unknown,Unknown,N,N,N,N,N,N,Y,Y,N,N,N,Proceeding Straight,Yes,Unknown,Unknown,N,N,N,Y,N,N,Y,N,N,Y,N,N,Slightly Over,High
2023,6,0,Tesla Model 3 2019,Consumer,West Chester Township,OH,Highway / Freeway,Dry,Unknown,Daylight,Y,N,N,N,N,N,N,N,N,Unknown,Unknown,Unknown,Unknown,Unknown,N,N,N,N,N,N,N,N,N,N,Y,Proceeding Straight,Yes,Unknown,Unknown,N,N,N,N,N,N,N,N,N,N,N,Y,Slightly Over,Very High
2023,6,23,Tesla Model X 2020,Consumer,Sierra Vista,AZ,Street,Dry,Unknown,Daylight,Y,N,N,N,N,N,N,N,N,Unknown,Unknown,Unknown,Unknown,Unknown,N,N,N,N,N,N,N,N,N,N,Y,Proceeding Straight,Yes,Unknown,Unknown,N,N,N,N,N,N,N,N,N,N,N,Y,At or Below Limit,Medium
2023,6,14,Tesla Model Y 2021,Consumer,North Manchester,IN,Street,Dry,"Other, see Narrative",Daylight,Y,N,N,N,N,N,N,N,N,"Other, see Narrative",Unknown,Unknown,Unknown,Unknown,N,N,N,N,N,N,N,N,N,N,Y,Proceeding Straight,Yes,Unknown,Unknown,N,N,N,Y,N,N,Y,N,N,Y,N,N,Slightly Over,High
2023,6,15,Tesla Model Y 2021,Consumer,Harrisville,UT,Street,Dry,No Unusual Conditions,Daylight,Y,N,N,N,N,N,N,N,N,SUV,Unknown,"Other, see Narrative",Yes,Unknown,N,Y,Y,N,N,N,N,N,N,N,N,Proceeding Straight,Yes,Unknown,Unknown,N,N,N,Y,N,N,Y,N,N,Y,N,N,Slightly Over,Medium
2023,6,16,Chevrolet Bolt EUV 2022,Consumer,Kinder,LA,Intersection,Dry,No Unusual Conditions,Daylight,N,N,N,N,N,N,N,Y,Partly Cloudy,Pickup Truck,Unknown,Proceeding Straight,Unknown,Unknown,N,N,N,N,N,Y,N,N,N,N,N,Changing Lanes,Yes,Unknown,Yes,N,N,Y,N,N,N,N,N,N,N,N,N,At or Below Limit,High
2023,5,22,Tesla Model 3 2021,Consumer,Magnolia,DE,Unknown,Unknown,Unknown,Unknown,N,N,N,N,N,N,Y,N,N,Unknown,Unknown,Unknown,Unknown,Unknown,N,N,N,N,N,N,N,N,N,N,Y,Proceeding Straight,Yes,Unknown,Unknown,N,N,N,N,N,N,N,N,N,N,N,Y,At or Below Limit,High
2023,5,18,Tesla Model 3 2022,Consumer,Houston,TX,Intersection,Dry,No Unusual Conditions,Daylight,Y,N,N,N,N,N,N,N,N,Heavy Truck,Unknown,"Other, see Narrative",Unknown,Unknown,N,N,N,N,N,N,N,Y,N,N,N,Proceeding Straight,Yes,Unknown,Unknown,N,N,N,Y,N,N,Y,N,N,Y,N,N,At or Below Limit,High
2023,5,8,Tesla Model S 2022,Consumer,Denver,CO,Street,Dry,No Unusual Conditions,Dark - Lighted,Y,N,N,N,N,N,N,N,N,Passenger Car,Unknown,Stopped,Unknown,Unknown,Y,N,N,Y,N,N,Y,N,N,N,N,Proceeding Straight,Yes,Unknown,Unknown,N,N,N,Y,N,N,Y,N,N,Y,N,N,Slightly Over,Medium
2023,5,1,Tesla Model Y 2022,Consumer,Defiance,MO,Rural Road,Dry,No Unusual Conditions,Dawn / Dusk,Y,N,N,N,N,N,N,N,N,"Other, see Narrative",Unknown,Unknown,Unknown,Unknown,N,N,N,N,N,N,N,N,N,N,Y,Proceeding Straight,Yes,Unknown,Unknown,N,N,Y,Y,N,N,Y,N,Y,Y,Y,N,Slightly Over,Medium
2023,5,3,Tesla Model 3 2023,Consumer,Simpsonville,SC,Intersection,Dry,No Unusual Conditions,Dark - Not Lighted,Y,N,N,N,N,N,N,N,N,SUV,Unknown,"Other, see Narrative",Unknown,Unknown,N,N,Y,N,N,Y,N,N,Y,N,N,Proceeding Straight,Yes,Unknown,Unknown,N,N,N,N,N,N,N,Y,Y,N,N,N,Slightly Over,Medium
2023,5,23,Tesla Model 3 2021,Consumer,Winter Springs,FL,Street,Dry,No Unusual Conditions,Daylight,N,N,N,N,N,N,N,Y,Partly Cloudy,Passenger Car,Unknown,Making Left Turn,Yes,Unknown,N,N,Y,N,N,Y,N,N,Y,N,N,Proceeding Straight,Yes,Unknown,Unknown,N,N,N,N,N,N,N,Y,Y,Y,N,N,At or Below Limit,Medium
2023,5,14,Tesla Model Y 2021,Consumer,Birmingham,AL,Highway / Freeway,Wet,No Unusual Conditions,Daylight,N,N,Y,N,Y,N,N,N,N,Pickup Truck,Unknown,Proceeding Straight,Unknown,Unknown,Y,Y,Y,N,N,N,N,N,N,N,N,Proceeding Straight,Yes,Unknown,Unknown,N,N,N,Y,N,N,Y,N,N,Y,N,N,At or Below Limit,High
2023,5,23,Tesla Model 3 2022,Consumer,Michigan City,IN,Street,Dry,No Unusual Conditions,Daylight,Y,N,N,N,N,N,N,N,N,SUV,Unknown,Making Left Turn,Unknown,Unknown,N,N,N,N,N,N,Y,Y,Y,N,N,Proceeding Straight,Yes,Unknown,Unknown,N,N,N,Y,N,N,Y,N,N,N,N,N,Slightly Over,Medium
2023,5,17,Tesla Model S 2020,Consumer,Flamingo,FL,Highway / Freeway,Dry,No Unusual Conditions,Daylight,N,N,Y,N,N,N,N,N,N,SUV,Unknown,Making U-Turn,Unknown,Unknown,N,N,N,N,N,N,Y,Y,Y,N,N,Proceeding Straight,Yes,Unknown,Unknown,N,N,N,Y,N,N,Y,N,N,Y,N,N,At or Below Limit,High
2023,5,6,Tesla Model 3 2021,Consumer,Webster,FL,Unknown,Unknown,Unknown,Unknown,N,N,N,N,N,N,Y,N,N,Unknown,Unknown,Unknown,Unknown,Unknown,N,N,N,N,N,N,N,N,N,N,Y,Proceeding Straight,Yes,Unknown,Unknown,N,N,N,N,N,N,N,N,N,N,N,Y,At or Below Limit,Very High
2023,5,22,Tesla Model 3 2021,Consumer,Mars Hill,NC,Highway / Freeway,Dry,No Unusual Conditions,Daylight,Y,N,N,N,N,N,N,N,N,Other Fixed Object,Unknown,Unknown,Unknown,Unknown,N,N,N,N,N,N,N,N,N,N,N,Proceeding Straight,Yes,Unknown,Unknown,N,Y,Y,Y,N,N,N,N,N,N,N,N,At or Below Limit,Medium
2023,5,5,Tesla Model X 2023,Consumer,Richmond,VA,Highway / Freeway,Wet,No Unusual Conditions,Dark - Lighted,N,N,Y,N,N,N,N,N,N,Van,Unknown,Stopped,Unknown,Unknown,Y,N,N,Y,N,N,Y,N,N,N,N,Proceeding Straight,Yes,Unknown,Unknown,N,N,N,Y,N,N,Y,N,N,Y,N,N,At or Below Limit,Low
2023,5,8,Tesla Model Y 2022,Consumer,Hillsborough,NC,Highway / Freeway,Dry,No Unusual Conditions,Dark - Not Lighted,Y,N,N,N,N,N,N,N,N,"Other, see Narrative",Unknown,Unknown,Unknown,Unknown,N,N,N,N,N,N,N,N,N,N,Y,Proceeding Straight,Yes,Unknown,Unknown,N,N,Y,Y,N,N,Y,N,Y,Y,Y,N,Slightly Over,Medium
2023,5,16,Tesla Model X 2016,Consumer,Dallas,TX,Highway / Freeway,Dry,No Unusual Conditions,Daylight,Y,N,N,N,N,N,N,N,N,Pickup Truck,Unknown,Proceeding Straight,Unknown,Unknown,Y,N,N,Y,N,N,Y,N,N,N,N,Changing Lanes,Yes,Unknown,Unknown,N,N,N,Y,N,N,Y,N,N,Y,N,N,At or Below Limit,Very High
2023,5,1,Tesla Model 3 2019,Consumer,Austin,TX,Intersection,Dry,No Unusual Conditions,Dawn / Dusk,Y,N,N,N,N,N,N,N,N,Passenger Car,Unknown,Making Left Turn,Unknown,Unknown,N,N,N,N,N,N,Y,Y,Y,N,N,Proceeding Straight,Yes,Unknown,Unknown,N,N,N,Y,N,N,Y,N,N,Y,N,N,At or Below Limit,Very High
2023,5,19,Tesla Model 3 2021,Consumer,Arlington,TX,Street,Dry,No Unusual Conditions,Daylight,Y,N,N,N,N,N,N,N,N,SUV,Unknown,"Other, see Narrative",Unknown,Unknown,N,Y,Y,N,N,N,N,N,N,N,N,Proceeding Straight,Yes,Unknown,Unknown,N,N,N,Y,N,N,Y,N,N,Y,N,N,At or Below Limit,High
2023,5,12,Tesla Model 3 2022,Consumer,Seattle,WA,Highway / Freeway,Dry,No Unusual Conditions,Dark - Lighted,Y,N,N,N,N,N,N,N,N,Unknown,Unknown,Unknown,Unknown,Unknown,N,N,N,N,N,N,N,N,N,N,Y,Proceeding Straight,Yes,Unknown,Unknown,N,N,N,N,N,N,N,N,N,N,N,Y,Slightly Over,Medium
2023,5,2,Tesla Model 3 2021,Consumer,Conyers,GA,Highway / Freeway,Dry,Traffic Incident,Dark - Not Lighted,Y,N,N,N,N,N,N,N,N,Other Fixed Object,Unknown,Unknown,Unknown,Unknown,N,N,N,N,N,N,N,N,N,N,N,"Other, see Narrative",Yes,Unknown,Unknown,N,Y,Y,Y,N,N,N,N,N,N,N,N,At or Below Limit,High
2023,5,0,Tesla Model Y 2021,Consumer,Brighton,CO,Highway / Freeway,Wet,No Unusual Conditions,Daylight,N,N,N,N,Y,N,N,N,N,Other Fixed Object,Unknown,Unknown,Unknown,Unknown,N,N,N,N,N,N,N,N,N,N,N,Lane / Road Departure,Yes,Unknown,Unknown,N,N,N,N,N,N,Y,N,Y,Y,N,N,At or Below Limit,High
2023,5,1,Tesla Model Y 2022,Consumer,Bridgman,MI,Highway / Freeway,Wet,No Unusual Conditions,Dark - Not Lighted,N,N,N,N,Y,N,N,N,N,Unknown,Unknown,Unknown,Unknown,Unknown,N,N,N,N,N,N,N,N,N,N,Y,Proceeding Straight,Yes,Unknown,Unknown,N,N,N,N,N,N,N,N,N,N,N,Y,At or Below Limit,High
2023,5,20,Tesla Model 3 2022,Consumer,Marietta,GA,Intersection,Dry,No Unusual Conditions,Daylight,N,N,Y,N,N,N,N,N,N,Passenger Car,Unknown,Proceeding Straight,Yes,Unknown,Y,Y,Y,N,N,N,N,N,N,N,N,Proceeding Straight,Yes,Unknown,Unknown,N,N,N,Y,N,N,Y,N,N,Y,N,N,At or Below Limit,Low
2023,5,8,Tesla Model 3 2021,Consumer,Norman,OK,Highway / Freeway,Wet,No Unusual Conditions,Dark - Lighted,N,N,N,N,Y,N,N,N,N,Other Fixed Object,Unknown,Unknown,Unknown,Unknown,N,N,N,N,N,N,N,N,N,N,N,Proceeding Straight,Yes,Unknown,Unknown,N,N,N,N,N,N,N,Y,Y,Y,N,N,At or Below Limit,High
2023,3,17,Subaru Forester 2021,Consumer,Marthasville,MO,Rural Road,Dry,No Unusual Conditions,Daylight,Y,N,N,N,N,N,N,N,N,Unknown,Minor,Making Left Turn,Unknown,Unknown,N,N,N,N,N,N,Y,N,N,N,N,Proceeding Straight,No,Yes,Yes,N,N,N,Y,N,N,Y,N,N,Y,N,N,At or Below Limit,High
2023,2,13,Toyota Corolla Hyrbid 2023,Consumer,Richmond,VA,Highway / Freeway,Dry,No Unusual Conditions,Daylight,N,N,N,N,N,N,Y,N,N,Other Fixed Object,No Injuries Reported,Unknown,Unknown,Unknown,N,N,N,N,N,N,N,N,N,N,N,Lane / Road Departure,No,Yes,Yes,N,N,N,Y,N,N,N,N,N,Y,N,N,Moderately Over,Low
2023,3,22,Subaru Outback 2020,Consumer,Flat Top,WV,Highway / Freeway,Dry,No Unusual Conditions,Dark - Not Lighted,Y,N,N,N,N,N,N,N,N,Animal,No Injuries Reported,"Other, see Narrative",Unknown,Unknown,N,N,N,N,N,N,N,N,N,N,N,Proceeding Straight,No,Yes,Yes,N,N,N,Y,N,N,Y,N,N,Y,N,N,At or Below Limit,High
2023,2,10,Subaru Outback 2021,Consumer,Jefferson,NC,Intersection,Unknown,Unknown,Daylight,N,N,Y,N,N,N,N,N,N,Heavy Truck,No Injuries Reported,Unknown,Unknown,Unknown,N,N,N,N,N,N,N,N,N,N,Y,Making Right Turn,No,Yes,Yes,N,N,N,Y,N,N,N,N,N,N,N,N,At or Below Limit,Medium
2023,2,3,KIA SORENTO 2022,Consumer,Unknown,CT,Highway / Freeway,Dry,Unknown,Unknown,N,N,Y,N,N,N,N,N,N,SUV,Minor,Unknown,Unknown,Yes,N,N,N,N,N,N,N,N,N,N,Y,Proceeding Straight,Yes,Yes,Yes,N,N,N,N,N,N,N,N,N,N,N,Y,Slightly Over,Medium
2022,12,17,Subaru Crosstrek 2021,Consumer,Cedar Park,TX,Street,Dry,No Unusual Conditions,Dawn / Dusk,Y,N,N,N,N,N,N,N,N,Unknown,Minor,Unknown,Unknown,Unknown,N,N,N,N,N,N,N,N,N,N,Y,Unknown,No,Yes,Yes,N,N,N,N,N,N,N,N,N,Y,N,N,At or Below Limit,Medium
2023,1,10,Lexus UX200 2020,Consumer,Nash,TX,Intersection,Unknown,Unknown,Unknown,N,N,N,N,N,N,Y,N,N,Unknown,Unknown,Proceeding Straight,Unknown,Unknown,N,N,N,N,N,N,N,N,N,N,Y,Proceeding Straight,Yes,Yes,Yes,N,Y,Y,Y,N,N,Y,N,N,Y,N,N,At or Below Limit,Medium
2022,12,18,Subaru Outback 2020,Consumer,Blue Grass,IA,Highway / Freeway,Dry,No Unusual Conditions,Dark - Not Lighted,Y,N,N,N,N,N,N,N,N,Pickup Truck,Minor,Merging,Unknown,Unknown,Y,N,N,Y,N,N,Y,N,N,N,N,Proceeding Straight,Yes,Yes,Yes,N,N,N,Y,N,N,Y,N,N,Y,N,N,Slightly Over,Very High
2022,12,16,Cadillac CT6 2018,Consumer,Millersville,MA,Highway / Freeway,Dry,No Unusual Conditions,Daylight,N,N,Y,N,N,N,N,N,N,SUV,No Injuries Reported,Lane / Road Departure,Unknown,Unknown,N,N,N,N,N,N,N,N,N,N,Y,Proceeding Straight,Yes,Unknown,Yes,N,N,Y,N,N,N,N,N,N,N,N,N,At or Below Limit,Very High
2022,11,8,Subaru Forester 2020,Consumer,Covington,LA,Highway / Freeway,Dry,Unknown,Daylight,Y,N,N,N,N,N,N,N,N,Passenger Car,Serious,"Other, see Narrative",Unknown,Unknown,N,N,N,N,N,N,N,N,N,N,Y,Proceeding Straight,Yes,Yes,Unknown,N,N,N,Y,N,N,Y,N,N,Y,N,N,Slightly Over,Medium
2022,6,12,Subaru Outback 2021,Consumer,Younger Creek,KY,Highway / Freeway,Dry,No Unusual Conditions,Daylight,Y,N,N,N,N,N,N,N,N,Animal,No Injuries Reported,Unknown,Unknown,Unknown,N,N,N,N,N,N,N,N,N,N,N,Proceeding Straight,Yes,Yes,Yes,N,N,N,Y,N,N,Y,N,N,Y,N,N,At or Below Limit,Low
2022,5,22,BMW X5 sDrive40i 2020,Consumer,Refugio,TX,Highway / Freeway,Unknown,Unknown,Dark - Unknown Lighting,Y,N,N,N,N,N,N,N,N,Pole / Tree,Serious,Unknown,Unknown,Unknown,N,N,N,N,N,N,N,N,N,N,N,Proceeding Straight,Yes,Yes,Yes,N,N,N,N,N,N,Y,N,N,Y,N,N,Slightly Over,Medium
2022,7,15,Subaru Forester 2020,Consumer,Mamaroneck,NY,Highway / Freeway,Dry,No Unusual Conditions,Daylight,Y,N,N,N,N,N,N,N,N,Other Fixed Object,No Injuries Reported,Unknown,Unknown,Unknown,N,N,N,N,N,N,N,N,N,N,N,Proceeding Straight,Yes,Yes,Yes,N,N,N,N,N,N,N,N,N,N,N,Y,At or Below Limit,Medium
2022,5,9,Subaru Outback 2020,Consumer,Warrenville Heights,OH,Highway / Freeway,Wet,No Unusual Conditions,Daylight,N,N,N,N,Y,N,N,N,N,Passenger Car,Minor,Unknown,Unknown,Unknown,N,N,N,N,N,N,N,N,N,N,Y,Proceeding Straight,No,Yes,Yes,N,N,N,N,Y,N,N,Y,N,N,N,N,Slightly Over,Medium
2022,3,18,Kia Telluride 2022,Consumer,Forked River,NJ,Highway / Freeway,Dry,No Unusual Conditions,Dawn / Dusk,Y,N,N,N,N,N,N,N,N,Other Fixed Object,Minor,Unknown,Unknown,Unknown,N,N,N,N,N,N,N,N,N,N,N,Proceeding Straight,No,Yes,Yes,N,N,N,N,N,N,N,N,N,N,N,Y,At or Below Limit,Low
2022,5,18,Audi S8L 2023,In-Vehicle (Commercial / Test),Phoenix,AZ,Highway / Freeway,Dry,Traffic Incident,Daylight,Y,N,N,N,N,N,N,N,N,Passenger Car,No Injuries Reported,Unknown,Unknown,Unknown,N,N,N,N,N,N,N,N,N,N,Y,Stopped,No,Yes,Yes,N,Y,N,Y,Y,N,N,N,N,N,N,N,At or Below Limit,High
2021,9,22,Tesla Model X 2015,Consumer,Bellevue,WA,Highway / Freeway,Unknown,Unknown,Unknown,N,N,N,N,N,N,Y,N,N,Passenger Car,Unknown,Unknown,Unknown,Unknown,N,N,N,N,N,N,N,N,N,N,Y,Unknown,Yes,Unknown,Unknown,N,N,N,N,N,N,N,N,N,N,N,Y,Slightly Over,Very High
2022,2,10,Cadillac CT6 2019,Consumer,Boca Raton,FL,Highway / Freeway,Dry,Unknown,Daylight,N,N,Y,N,N,N,N,N,N,Other Fixed Object,Minor,Unknown,Unknown,Unknown,N,N,N,N,N,N,N,N,N,N,N,Lane / Road Departure,No,Yes,"No, see Narrative",N,N,N,N,N,N,N,N,N,N,N,Y,Slightly Over,Very High
2021,11,8,Subaru Forester 2020,Consumer,Russell Springs,KY,Highway / Freeway,Dry,No Unusual Conditions,Dark - Unknown Lighting,N,N,N,N,N,N,N,Y,Fair Skies,Animal,No Injuries Reported,Unknown,Unknown,Unknown,N,N,N,N,N,N,N,N,N,N,N,Proceeding Straight,Yes,Yes,Yes,N,N,N,Y,N,N,Y,N,N,Y,N,N,At or Below Limit,Medium
2021,10,1,Subaru Forester 2020,Consumer,Maplewood,MO,Unknown,Dry,Unknown,Dark - Unknown Lighting,Y,N,N,N,N,N,N,N,N,Pole / Tree,Minor,Unknown,Unknown,Unknown,N,N,N,N,N,N,N,N,N,N,N,Proceeding Straight,Yes,Yes,Yes,N,N,N,N,N,N,N,N,N,Y,N,N,At or Below Limit,Medium
2021,9,15,Ford F-150 2021,Consumer,Unknown,AL,Highway / Freeway,Unknown,Unknown,Daylight,Y,N,N,N,N,N,N,N,N,Other Fixed Object,Fatality,Unknown,Unknown,Unknown,N,N,N,N,N,N,N,N,N,N,N,Unknown,Yes,Yes,Unknown,N,N,N,N,N,N,N,N,N,N,N,Y,Slightly Over,Low
2021,9,16,Subaru Crosstrek 2021,Consumer,Missouri Valley,IA,Highway / Freeway,Dry,No Unusual Conditions,Daylight,Y,N,N,N,N,N,N,N,N,Other Fixed Object,No Injuries Reported,Unknown,Unknown,Unknown,N,N,N,N,N,N,N,N,N,N,N,Proceeding Straight,No,Unknown,Yes,N,Y,Y,Y,N,N,N,N,N,N,N,N,Slightly Over,Low
2021,9,11,Tesla Model 3 2020,Consumer,Oakland,FL,Highway / Freeway,Dry,No Unusual Conditions,Dawn / Dusk,Y,N,N,N,N,N,N,N,N,Pickup Truck,Unknown,Proceeding Straight,Unknown,Unknown,N,N,N,N,N,Y,N,N,N,N,N,Stopped,Yes,Unknown,Yes,N,N,N,N,Y,N,N,N,N,N,N,N,At or Below Limit,Medium
2021,8,9,Subaru Outback 2020,Consumer,Unknown,ID,Highway / Freeway,Dry,No Unusual Conditions,Daylight,Y,N,N,N,N,N,N,N,N,Other Fixed Object,Minor,Unknown,Unknown,Unknown,N,N,N,N,N,N,N,N,N,N,N,Proceeding Straight,Yes,Yes,Yes,N,N,Y,Y,N,N,Y,N,N,Y,N,N,At or Below Limit,Low
2021,9,22,Tesla Model 3 2021,Consumer,Genoa,OH,Highway / Freeway,Dry,No Unusual Conditions,Daylight,Y,N,N,N,N,N,N,N,N,Heavy Truck,Unknown,Changing Lanes,Unknown,Unknown,Y,N,N,N,N,N,N,N,N,N,N,Proceeding Straight,Yes,Unknown,Yes,N,N,N,N,N,N,N,N,N,Y,N,N,At or Below Limit,Low
2021,8,8,Tesla Model 3 2019,Consumer,Orlando,FL,Highway / Freeway,Dry,Traffic Incident,Dark - Lighted,Y,N,N,N,N,N,N,N,N,Passenger Car,Unknown,Stopped,Unknown,Unknown,N,Y,Y,N,N,N,N,N,N,N,N,Proceeding Straight,Yes,Unknown,Yes,N,N,N,N,N,N,N,N,N,Y,N,N,At or Below Limit,Low
2021,8,0,Tesla Model Y 2021,Consumer,New York,NY,Highway / Freeway,Dry,No Unusual Conditions,Dark - Not Lighted,N,N,Y,N,N,N,N,N,N,Other Fixed Object,Unknown,Unknown,Unknown,Unknown,N,N,N,N,N,N,N,N,N,N,N,"Other, see Narrative",Yes,Unknown,Yes,N,N,N,Y,N,N,N,N,N,N,N,N,At or Below Limit,Low
2021,8,20,Tesla Model 3 2021,Consumer,New Orleans,LA,Street,Dry,No Unusual Conditions,Daylight,Y,N,N,N,N,N,N,N,N,Passenger Car,Unknown,Proceeding Straight,Yes,Unknown,N,N,N,N,N,N,N,N,Y,N,N,Proceeding Straight,Yes,Yes,Yes,N,N,N,Y,N,N,N,N,N,N,N,N,At or Below Limit,Low
2021,8,20,Tesla Model 3 2018,Consumer,Hatfield Township,PA,Street,Dry,No Unusual Conditions,Daylight,Y,N,N,N,N,N,N,N,N,Pole / Tree,Unknown,Unknown,Unknown,Unknown,N,N,N,N,N,N,N,N,N,N,N,Lane / Road Departure,Yes,Unknown,Unknown,N,N,N,N,N,N,Y,N,N,Y,N,N,Moderately Over,High
2021,7,5,Subaru Forester 2020,Consumer,Chazy,NY,Highway / Freeway,Dry,No Unusual Conditions,Dark - Unknown Lighting,N,N,N,N,N,N,Y,N,N,Animal,Minor,"Other, see Narrative",Not Applicable,Not Applicable,N,N,N,N,N,N,N,N,N,N,N,Proceeding Straight,No,Yes,Yes,N,N,N,Y,N,N,Y,N,N,Y,N,N,At or Below Limit,High