Year,Month,Hour,Vehicle,Driver / Operator Type,City,State,Roadway Type,Roadway Surface,Roadway Description,Lighting,Weather - Clear,Weather - Snow,Weather - Cloudy,Weather - Fog/Smoke,Weather - Rain,Weather - Severe Wind,Weather - Unknown,Weather - Other,Weather - Other Text,Crash With,Highest Injury Severity Alleged,CP Pre-Crash Movement,CP Any Air Bags Deployed?,CP Was Vehicle Towed?,CP Contact Area - Rear Left,CP Contact Area - Left,CP Contact Area - Front Left,CP Contact Area - Rear,CP Contact Area - Top,CP Contact Area - Front,CP Contact Area - Rear Right,CP Contact Area - Right,CP Contact Area - Front Right,CP Contact Area - Bottom,CP Contact Area - Unknown,SV Pre-Crash Movement,SV Any Air Bags Deployed?,SV Was Vehicle Towed?,SV Were All Passengers Belted?,SV Pre-crash Speed - Unknown,SV Contact Area - Rear Left,SV Contact Area - Left,SV Contact Area - Front Left,SV Contact Area - Rear,SV Contact Area - Top,SV Contact Area - Front,SV Contact Area - Rear Right,SV Contact Area - Right,SV Contact Area - Front Right,SV Contact Area - Bottom,SV Contact Area - Unknown,Speed Difference Category,Mileage Category
2025,1,20,Tesla Model Y 2023,Consumer,San Francisco,CA,Intersection,Dry,Unknown,Daylight,Y,N,N,N,N,N,N,N,N,Other Fixed Object,Unknown,Unknown,Unknown,Unknown,N,N,N,N,N,N,N,N,N,N,N,Unknown,Yes,Unknown,Unknown,N,N,N,Y,N,N,Y,N,N,Y,N,N,At or Below Limit,Medium
2025,1,1,Tesla Model 3 2018,Consumer,Pleasanton,CA,Highway / Freeway,Dry,No Unusual Conditions,Dawn / Dusk,Y,N,N,N,N,N,N,N,N,Other Fixed Object,Unknown,Unknown,Unknown,Unknown,N,N,N,N,N,N,N,N,N,N,N,Lane / Road Departure,Yes,Unknown,Unknown,N,N,N,Y,N,N,Y,N,N,Y,N,N,At or Below Limit,Very High
2025,1,0,Tesla Model Y 2023,Consumer,Twentynine Palms,CA,Unknown,Unknown,Unknown,Unknown,N,N,N,N,N,N,Y,N,N,Unknown,Unknown,Unknown,Unknown,Unknown,N,N,N,N,N,N,N,N,N,N,Y,Unknown,Yes,Unknown,Unknown,N,N,N,N,N,N,N,N,N,N,N,Y,At or Below Limit,High
2025,1,17,Tesla Model 3 2024,Consumer,Rosemead,CA,Unknown,Unknown,Unknown,Unknown,N,N,N,N,N,N,Y,N,N,Unknown,Unknown,Unknown,Unknown,Unknown,N,N,N,N,N,N,N,N,N,N,Y,Unknown,Yes,Unknown,Unknown,N,N,N,N,N,N,N,N,N,N,N,Y,At or Below Limit,Low
2023,6,22,Tesla Model X 2016,Consumer,Milpitas,CA,Unknown,Unknown,Unknown,Unknown,N,N,N,N,N,N,Y,N,N,Unknown,Unknown,Unknown,Unknown,Unknown,N,N,N,N,N,N,N,N,N,N,Y,Unknown,Yes,Unknown,Unknown,N,N,N,N,N,N,N,N,N,N,N,Y,Slightly Over,Very High
2023,7,0,Tesla Model Y 2023,Consumer,Sunol,CA,Highway / Freeway,Dry,No Unusual Conditions,Daylight,Y,N,N,N,N,N,N,N,N,Passenger Car,Unknown,Proceeding Straight,Unknown,Unknown,Y,Y,Y,N,N,N,N,N,N,N,N,Lane / Road Departure,Yes,Unknown,Unknown,N,N,N,N,N,N,N,Y,Y,Y,N,N,At or Below Limit,Medium
2023,7,2,Tesla Model Y 2023,Consumer,Los Angeles,CA,Street,Dry,No Unusual Conditions,Dawn / Dusk,Y,N,N,N,N,N,N,N,N,Passenger Car,Unknown,Lane / Road Departure,Unknown,Unknown,N,Y,Y,N,N,N,N,N,N,N,N,Proceeding Straight,Yes,Unknown,Unknown,N,N,N,N,N,N,N,Y,Y,Y,N,N,Moderately Over,Low
2023,7,22,Tesla Model 3 2023,Consumer,Ventura,CA,Highway / Freeway,Dry,No Unusual Conditions,Daylight,Y,N,N,N,N,N,N,N,N,Other Fixed Object,Unknown,Unknown,Unknown,Unknown,N,N,N,N,N,N,N,N,N,N,N,Lane / Road Departure,Yes,Unknown,Unknown,N,Y,Y,Y,N,N,N,N,N,N,N,N,Slightly Over,Low
2023,7,14,Tesla Model Y 2023,Consumer,Union City,CA,Highway / Freeway,Dry,No Unusual Conditions,Daylight,N,N,Y,N,N,N,N,N,N,Other Fixed Object,Unknown,Unknown,Unknown,Unknown,N,N,N,N,N,N,N,N,N,N,N,Lane / Road Departure,Yes,Unknown,Unknown,N,Y,Y,Y,N,N,N,N,N,N,N,N,At or Below Limit,Medium
2023,7,11,Tesla Model 3 2022,Consumer,Downey,CA,Highway / Freeway,Dry,No Unusual Conditions,Dark - Lighted,Y,N,N,N,N,N,N,N,N,Other Fixed Object,Unknown,Unknown,Unknown,Unknown,N,N,N,N,N,N,N,N,N,N,N,Lane / Road Departure,Yes,Unknown,Unknown,N,Y,Y,Y,N,N,N,N,N,N,N,N,Moderately Over,Medium
2023,7,4,Tesla Model X 2020,Consumer,Rancho Mirage,CA,Unknown,Dry,Unknown,Dark - Lighted,Y,N,N,N,N,N,N,N,N,Unknown,Unknown,Unknown,Unknown,Unknown,N,N,N,N,N,N,N,N,N,N,Y,Unknown,Yes,Unknown,Unknown,N,N,N,N,N,N,N,N,N,N,N,Y,At or Below Limit,High
2023,7,21,Tesla Model X 2020,Consumer,Los Angeles,CA,Street,Dry,No Unusual Conditions,Daylight,Y,N,N,N,N,N,N,N,N,Passenger Car,Unknown,Making Left Turn,Unknown,Unknown,N,N,Y,N,N,Y,N,N,Y,N,N,Proceeding Straight,Yes,Unknown,Unknown,N,N,Y,Y,N,N,N,N,N,N,N,N,Slightly Over,High
2023,6,12,Tesla Model X 2016,Consumer,Beaumont,CA,Unknown,Unknown,Unknown,Unknown,N,N,N,N,N,N,Y,N,N,Unknown,Unknown,Unknown,Unknown,Unknown,N,N,N,N,N,N,N,N,N,N,Y,Unknown,Yes,Unknown,Unknown,N,N,N,N,N,N,N,N,N,N,N,Y,Slightly Over,Very High
2025,1,6,Tesla Model 3 2022,Consumer,Sacramento,CA,Highway / Freeway,Dry,Traffic Incident,Dark - Lighted,Y,N,N,N,N,N,N,N,N,Passenger Car,Unknown,Lane / Road Departure,Unknown,Unknown,N,N,N,N,N,N,Y,Y,Y,N,N,Proceeding Straight,Yes,Unknown,Unknown,N,Y,Y,Y,N,N,Y,N,N,Y,N,N,At or Below Limit,High
2025,1,5,Tesla Model Y 2024,Consumer,Chino,CA,Unknown,Unknown,Unknown,Unknown,N,N,N,N,N,N,Y,N,N,Unknown,Unknown,Unknown,Unknown,Unknown,N,N,N,N,N,N,N,N,N,N,Y,Unknown,No,Yes,Unknown,N,N,N,N,N,N,N,N,N,N,N,Y,Slightly Over,High
2025,1,17,Tesla Cybertruck 2024,Consumer,Los Angeles,CA,Unknown,Unknown,Unknown,Unknown,N,N,N,N,N,N,Y,N,N,Unknown,Unknown,Unknown,Unknown,Unknown,N,N,N,N,N,N,N,N,N,N,Y,Unknown,Yes,Unknown,Unknown,N,N,N,N,N,N,N,N,N,N,N,Y,At or Below Limit,Low
2025,1,5,Tesla Model Y 2024,Consumer,Los Angeles,CA,Highway / Freeway,Dry,No Unusual Conditions,Dark - Lighted,Y,N,N,N,N,N,N,N,N,Other Fixed Object,Unknown,Unknown,Unknown,Unknown,N,N,N,N,N,N,N,N,N,N,N,Lane / Road Departure,No,Yes,Unknown,N,N,Y,N,N,N,N,N,N,N,Y,N,Moderately Over,Medium
2025,1,22,Tesla Model Y 2024,Consumer,Milpitas,CA,Unknown,Unknown,Unknown,Unknown,N,N,N,N,N,N,Y,N,N,Unknown,Unknown,Unknown,Unknown,Unknown,N,N,N,N,N,N,N,N,N,N,Y,Unknown,Yes,Unknown,Unknown,N,N,N,N,N,N,N,N,N,N,N,Y,At or Below Limit,Low
2024,12,20,Tesla Model 3 2024,Consumer,West Covina,CA,Street,Dry,No Unusual Conditions,Daylight,Y,N,N,N,N,N,N,N,N,Other Fixed Object,No Injuries Reported,Unknown,Unknown,Unknown,N,N,N,N,N,N,N,N,N,N,N,Making Right Turn,No,Yes,Unknown,N,N,N,N,N,N,N,N,N,N,Y,N,Slightly Over,Low
2024,8,16,Tesla Model Y 2023,Consumer,Tracy,CA,Highway / Freeway,Dry,Unknown,Daylight,Y,N,N,N,N,N,N,N,N,Unknown,No Injuries Reported,Unknown,Unknown,Unknown,N,N,N,N,N,N,N,N,N,N,Y,Unknown,Yes,Yes,Unknown,N,N,N,N,N,N,N,N,N,N,N,Y,Slightly Over,Medium
2024,12,19,Tesla Model Y 2024,Consumer,Los Angeles,CA,Street,Dry,No Unusual Conditions,Daylight,N,N,Y,N,N,N,N,N,N,SUV,Unknown,Stopped,Unknown,Unknown,N,Y,Y,N,N,Y,N,N,N,N,N,Lane / Road Departure,No,Yes,Unknown,N,N,Y,Y,N,N,Y,N,N,N,N,N,At or Below Limit,Low
2024,12,11,Tesla Model 3 2024,Consumer,Monterey Park,CA,Unknown,Unknown,Unknown,Unknown,N,N,N,N,N,N,Y,N,N,Unknown,Unknown,Unknown,Unknown,Unknown,N,N,N,N,N,N,N,N,N,N,Y,Unknown,Yes,Unknown,Unknown,N,N,N,N,N,N,N,N,N,N,N,Y,Slightly Over,Low
2024,12,17,Tesla Model Y 2025,Consumer,Huntington Beach,CA,Unknown,Unknown,Unknown,Unknown,N,N,N,N,N,N,Y,N,N,Unknown,Unknown,Unknown,Unknown,Unknown,N,N,N,N,N,N,N,N,N,N,Y,Unknown,Yes,Unknown,Unknown,N,N,N,N,N,N,N,N,N,N,N,Y,At or Below Limit,Low
2024,12,2,Tesla Model Y 2023,Consumer,Oakland,CA,Street,Dry,No Unusual Conditions,Dark - Lighted,Y,N,N,N,N,N,N,N,N,SUV,Unknown,Parked,Unknown,Unknown,Y,Y,N,Y,N,N,N,N,N,N,N,Proceeding Straight,No,Yes,Unknown,N,N,N,N,N,N,Y,N,Y,Y,N,N,At or Below Limit,Low
2024,12,4,Tesla Model Y 2023,Consumer,Gardena,CA,Highway / Freeway,Dry,No Unusual Conditions,Dark - Lighted,Y,N,N,N,N,N,N,N,N,Other Fixed Object,Unknown,Unknown,Unknown,Unknown,N,N,N,N,N,N,N,N,N,N,N,Proceeding Straight,Yes,Unknown,Unknown,N,Y,Y,Y,N,N,N,N,N,N,N,N,At or Below Limit,Medium
2024,12,2,Tesla Model Y 2023,Consumer,Menlo Park,CA,Highway / Freeway,Unknown,Unknown,Unknown,N,N,N,N,N,N,Y,N,N,Unknown,Unknown,Unknown,Unknown,Unknown,N,N,N,N,N,N,N,N,N,N,Y,Unknown,Yes,Unknown,Unknown,N,N,N,N,N,N,N,N,N,N,N,Y,At or Below Limit,High
2024,12,11,Tesla Model Y 2022,Consumer,West Athens,CA,Highway / Freeway,Dry,Traffic Incident,Dark - Lighted,Y,N,N,N,N,N,N,N,N,"Other, see Narrative",Unknown,"Other, see Narrative",Unknown,Unknown,Y,Y,Y,N,N,N,N,N,N,N,N,Proceeding Straight,Yes,Unknown,Unknown,N,Y,Y,Y,N,N,N,N,N,N,N,N,Moderately Over,Very High
2024,12,15,Tesla Model 3 2020,Consumer,Orange,CA,Highway / Freeway,Dry,No Unusual Conditions,Dawn / Dusk,Y,N,N,N,N,N,N,N,N,SUV,Unknown,Changing Lanes,Unknown,Unknown,N,N,N,N,N,N,Y,Y,Y,N,N,Proceeding Straight,Yes,Unknown,Unknown,N,Y,Y,Y,N,N,N,N,N,N,N,N,At or Below Limit,Very High
2024,12,8,Tesla Model Y 2025,Consumer,Redondo Beach,CA,Street,Dry,No Unusual Conditions,Dark - Lighted,Y,N,N,N,N,N,N,N,N,Pickup Truck,Unknown,Parked,Unknown,Unknown,Y,Y,N,N,N,N,N,N,N,N,N,Proceeding Straight,No,Yes,Unknown,N,N,N,N,N,N,N,Y,Y,Y,N,N,At or Below Limit,Low
2024,12,14,Tesla Model 3 2024,Consumer,Hesperia,CA,Unknown,Unknown,Unknown,Unknown,N,N,N,N,N,N,Y,N,N,Unknown,Unknown,Unknown,Unknown,Unknown,N,N,N,N,N,N,N,N,N,N,Y,Unknown,Yes,Unknown,Unknown,N,N,N,N,N,N,N,N,N,N,N,Y,At or Below Limit,Medium
2024,5,20,Tesla Model 3 2021,Consumer,San Leandro,CA,Highway / Freeway,Dry,No Unusual Conditions,Daylight,N,N,Y,N,N,N,N,N,N,Passenger Car,Unknown,Lane / Road Departure,Unknown,Unknown,Y,Y,Y,N,N,N,N,N,N,N,N,Proceeding Straight,No,Yes,Unknown,N,Y,Y,Y,N,N,Y,N,Y,Y,N,N,At or Below Limit,Medium
2024,12,3,Tesla Model 3 2020,Consumer,Los Angeles,CA,Street,Dry,No Unusual Conditions,Dark - Lighted,Y,N,N,N,N,N,N,N,N,Passenger Car,Unknown,Entering Traffic,Yes,Unknown,N,N,N,N,N,N,Y,Y,Y,N,N,Proceeding Straight,Yes,Unknown,Unknown,N,Y,Y,Y,N,N,Y,N,N,N,N,N,At or Below Limit,High
2024,12,9,Tesla Model Y 2023,Consumer,Dixon,CA,Highway / Freeway,Dry,No Unusual Conditions,Dark - Lighted,Y,N,N,N,N,N,N,N,N,SUV,Unknown,Proceeding Straight,Unknown,Unknown,N,N,Y,N,N,Y,N,N,Y,N,N,Proceeding Straight,Yes,Unknown,Unknown,N,Y,N,Y,Y,N,Y,Y,N,Y,N,N,Slightly Over,High
2024,12,5,Tesla Model Y 2021,Consumer,San Jose,CA,Street,Dry,No Unusual Conditions,Dark - Lighted,Y,N,N,N,N,N,N,N,N,Passenger Car,Unknown,Proceeding Straight,Yes,Unknown,Y,Y,Y,N,N,N,N,N,N,N,N,Proceeding Straight,Yes,Unknown,Unknown,N,N,N,Y,N,N,Y,N,N,Y,N,N,At or Below Limit,High
2024,12,1,Tesla Model 3 2025,Consumer,Diamond Bar,CA,Unknown,Unknown,Unknown,Unknown,N,N,N,N,N,N,Y,N,N,Unknown,Unknown,Unknown,Unknown,Unknown,N,N,N,N,N,N,N,N,N,N,Y,Unknown,Yes,Unknown,Unknown,N,N,N,N,N,N,N,N,N,N,N,Y,Slightly Over,Low
2024,12,20,Tesla Model Y 2023,Consumer,Thousand Oaks,CA,Highway / Freeway,Dry,No Unusual Conditions,Daylight,Y,N,N,N,N,N,N,N,N,Other Fixed Object,Unknown,Unknown,Unknown,Unknown,N,N,N,N,N,N,N,N,N,N,N,Lane / Road Departure,Yes,Unknown,Unknown,N,Y,Y,Y,N,N,N,N,N,N,N,N,Slightly Over,High
2024,12,11,Tesla Model 3 2023,Consumer,Diamond Bar,CA,Highway / Freeway,Dry,"Other, see Narrative",Dark - Lighted,Y,N,N,N,N,N,N,N,N,Passenger Car,Unknown,Stopped,Unknown,Unknown,Y,N,N,Y,N,N,Y,N,N,N,N,Proceeding Straight,Yes,Unknown,Unknown,N,N,N,Y,N,N,Y,N,N,Y,N,N,At or Below Limit,Medium
2024,12,2,Tesla Model Y 2025,Consumer,Santa Clara,CA,Unknown,Unknown,Unknown,Unknown,N,N,N,N,N,N,Y,N,N,Unknown,Unknown,Unknown,Unknown,Unknown,N,N,N,N,N,N,N,N,N,N,Y,Unknown,No,Yes,Unknown,N,N,N,N,N,N,N,N,N,N,N,Y,At or Below Limit,Low
2024,12,18,Tesla Model Y 2024,Consumer,Los Angeles,CA,Unknown,Unknown,Unknown,Unknown,N,N,N,N,N,N,Y,N,N,Unknown,Unknown,Unknown,Unknown,Unknown,N,N,N,N,N,N,N,N,N,N,Y,Unknown,Yes,Unknown,Unknown,N,N,N,N,N,N,N,N,N,N,N,Y,Slightly Over,Medium
2024,12,18,Subaru Impreza 2024,Consumer,San Diego,CA,Highway / Freeway,Dry,No Unusual Conditions,Dark - Not Lighted,Y,N,N,N,N,N,N,N,N,Pole / Tree,Minor,Unknown,Unknown,Unknown,N,N,N,N,N,N,N,N,N,N,N,Proceeding Straight,Yes,Yes,Yes,N,Y,Y,Y,Y,Y,Y,Y,Y,Y,N,N,At or Below Limit,Low
2024,12,13,Tesla Model 3 2025,Consumer,Fallbrook,CA,Highway / Freeway,Dry,No Unusual Conditions,Dark - Not Lighted,Y,N,N,N,N,N,N,N,N,Pickup Truck,Unknown,Proceeding Straight,Unknown,Unknown,N,N,Y,N,N,Y,N,N,N,N,N,Proceeding Straight,Yes,Unknown,Unknown,N,Y,N,Y,Y,N,Y,Y,N,Y,N,N,At or Below Limit,Low
2024,12,20,Tesla Model 3 2023,Consumer,Palo Alto,CA,Highway / Freeway,Dry,No Unusual Conditions,Daylight,Y,N,N,N,N,N,N,N,N,Other Fixed Object,Unknown,Unknown,Unknown,Unknown,N,N,N,N,N,N,N,N,N,N,N,Lane / Road Departure,Yes,Unknown,Unknown,N,Y,Y,Y,N,N,N,N,N,N,N,N,At or Below Limit,Medium
2024,11,1,Tesla Model Y 2023,Consumer,Glendale,CA,Street,Dry,No Unusual Conditions,Dark - Lighted,Y,N,N,N,N,N,N,N,N,Passenger Car,Unknown,Parked,Unknown,Unknown,Y,N,N,N,N,N,N,N,N,N,N,Lane / Road Departure,No,Yes,Unknown,N,N,N,N,N,N,N,N,N,Y,N,N,At or Below Limit,Medium
2024,11,0,Tesla Model Y 2024,Consumer,Alamo,CA,Highway / Freeway,Wet,No Unusual Conditions,Daylight,N,N,Y,N,Y,N,N,N,N,Van,Unknown,Changing Lanes,Unknown,Unknown,Y,Y,Y,N,N,N,N,N,N,N,N,Proceeding Straight,Yes,Unknown,Unknown,N,N,N,N,N,N,N,Y,Y,Y,N,N,At or Below Limit,Low
2024,12,18,Mercedes-Benz S450 4M 2021,In-Vehicle (Commercial / Test),San Jose,CA,Intersection,Dry,Unknown,Dark - Lighted,Y,N,N,N,N,N,N,N,N,Passenger Car,Minor,Stopped,No,Yes,N,N,N,Y,N,Y,N,N,N,N,N,Proceeding Straight,No,Yes,Yes,N,N,N,N,N,N,Y,N,N,N,N,N,At or Below Limit,High
2024,11,12,Tesla Model 3 2021,Consumer,Stockton,CA,Highway / Freeway,Dry,"Other, see Narrative",Dark - Lighted,Y,N,N,N,N,N,N,N,N,First Responder Vehicle,Unknown,"Other, see Narrative",Unknown,Unknown,N,N,N,N,N,Y,N,Y,Y,N,N,Proceeding Straight,Yes,Unknown,Unknown,N,N,N,Y,N,N,Y,N,N,Y,N,N,At or Below Limit,Very High
2024,11,10,Tesla Model 3 2022,Consumer,Fairfield,CA,Highway / Freeway,Dry,Traffic Incident,Dark - Lighted,Y,N,N,N,N,N,N,N,N,Pickup Truck,Unknown,"Other, see Narrative",Unknown,Unknown,N,Y,N,N,N,N,N,N,N,N,N,Proceeding Straight,Yes,Unknown,Unknown,N,N,N,Y,N,N,Y,N,N,Y,N,N,Moderately Over,Very High
2024,11,10,Tesla Model 3 2022,Consumer,Diamond Bar,CA,Highway / Freeway,Dry,Traffic Incident,Dark - Lighted,Y,N,N,N,N,N,N,N,N,Passenger Car,Unknown,"Other, see Narrative",Unknown,Unknown,Y,N,N,Y,N,N,N,N,N,N,N,Proceeding Straight,Yes,Unknown,Unknown,N,N,N,N,N,N,N,N,N,Y,N,N,At or Below Limit,High
2024,11,7,Tesla Model 3 2023,Consumer,Encino,CA,Street,Dry,No Unusual Conditions,Dark - Lighted,Y,N,N,N,N,N,N,N,N,Other Fixed Object,Unknown,Unknown,Unknown,Unknown,N,N,N,N,N,N,N,N,N,N,N,Lane / Road Departure,No,Yes,Unknown,N,N,N,N,N,N,N,N,N,Y,N,N,At or Below Limit,Medium
2024,11,19,Tesla Model Y 2021,Consumer,Los Angeles,CA,Intersection,Dry,No Unusual Conditions,Daylight,Y,N,N,N,N,N,N,N,N,Passenger Car,Unknown,"Other, see Narrative",Yes,Unknown,N,N,N,N,N,N,Y,Y,Y,N,N,Stopped,No,Yes,Unknown,N,Y,N,N,Y,N,N,Y,N,N,N,N,At or Below Limit,Very High
2024,11,14,Tesla Model Y 2023,Consumer,Canton,CA,Street,Dry,Unknown,Daylight,N,N,Y,N,N,N,N,N,N,Unknown,Unknown,Unknown,Unknown,Unknown,N,N,N,N,N,N,N,N,N,N,Y,Unknown,Yes,Unknown,Unknown,N,N,N,N,N,N,N,N,N,N,N,Y,At or Below Limit,High
2024,11,14,Tesla Model Y 2023,Consumer,Hesperia,CA,Highway / Freeway,Dry,No Unusual Conditions,Dawn / Dusk,Y,N,N,N,N,N,N,N,N,Other Fixed Object,Unknown,Unknown,Unknown,Unknown,N,N,N,N,N,N,N,N,N,N,N,Unknown,Yes,Unknown,Unknown,N,N,N,Y,N,N,Y,N,N,Y,Y,N,At or Below Limit,High
2024,11,9,Tesla Model 3 2018,Consumer,Sunol,CA,Unknown,Unknown,Unknown,Unknown,N,N,N,N,N,N,Y,N,N,Unknown,Unknown,Unknown,Unknown,Unknown,N,N,N,N,N,N,N,N,N,N,Y,Unknown,Yes,Unknown,Unknown,N,N,N,N,N,N,N,N,N,N,N,Y,Significantly Over,Very High
2024,11,1,Tesla Model Y 2023,Consumer,Cupertino,CA,Highway / Freeway,Dry,No Unusual Conditions,Dawn / Dusk,N,N,Y,N,N,N,N,N,N,Other Fixed Object,Unknown,Unknown,Unknown,Unknown,N,N,N,N,N,N,N,N,N,N,N,Lane / Road Departure,Yes,Unknown,Unknown,N,N,Y,Y,N,N,Y,N,N,N,N,N,At or Below Limit,High
2024,11,16,Tesla Model Y 2024,Consumer,Laguna Niguel,CA,Intersection,Dry,No Unusual Conditions,Daylight,Y,N,N,N,N,N,N,N,N,Passenger Car,Unknown,Making Left Turn,Yes,Unknown,N,Y,N,N,N,N,N,N,N,N,N,Proceeding Straight,Yes,Unknown,Unknown,N,N,N,Y,N,N,Y,N,N,Y,N,N,At or Below Limit,Low
2024,11,9,Tesla Model X 2022,Consumer,Los Angeles,CA,Intersection,Dry,No Unusual Conditions,Dark - Lighted,Y,N,N,N,N,N,N,N,N,Other Fixed Object,Unknown,Unknown,Unknown,Unknown,N,N,N,N,N,N,N,N,N,N,N,Making Left Turn,Yes,Unknown,Unknown,N,N,N,N,N,N,Y,N,N,Y,N,N,At or Below Limit,Very High
2024,11,7,Tesla Model 3 2023,Consumer,Sacramento,CA,Intersection,Dry,No Unusual Conditions,Dark - Lighted,Y,N,N,N,N,N,N,N,N,SUV,Unknown,Proceeding Straight,Unknown,Unknown,N,Y,Y,N,N,N,N,N,N,N,N,Proceeding Straight,Yes,Unknown,Unknown,N,N,N,Y,N,N,Y,N,N,Y,N,N,At or Below Limit,Very High
2024,11,7,Tesla Model Y 2022,Consumer,Santa Clara,CA,Intersection,Dry,No Unusual Conditions,Dark - Lighted,Y,N,N,N,N,N,N,N,N,Passenger Car,Unknown,Making Left Turn,Yes,Unknown,N,N,Y,N,N,Y,N,N,Y,N,N,Proceeding Straight,Yes,Yes,Unknown,N,N,Y,Y,N,N,Y,N,N,N,N,N,At or Below Limit,High
2024,11,3,Tesla Model Y 2021,Consumer,Santa Clara,CA,Unknown,Unknown,Unknown,Unknown,N,N,N,N,N,N,Y,N,N,Unknown,Unknown,Unknown,Unknown,Unknown,N,N,N,N,N,N,N,N,N,N,Y,Unknown,No,Yes,Unknown,N,N,N,N,N,N,N,N,N,N,N,Y,At or Below Limit,Very High
2024,11,19,Tesla Model 3 2018,Consumer,Sunol,CA,Unknown,Unknown,Unknown,Unknown,N,N,N,N,N,N,Y,N,N,Unknown,Unknown,Unknown,Unknown,Unknown,N,N,N,N,N,N,N,N,N,N,Y,Unknown,Yes,Unknown,Unknown,N,N,N,N,N,N,N,N,N,N,N,Y,At or Below Limit,High
2024,11,1,Tesla Model 3 2018,Consumer,Escondido,CA,Intersection,Dry,No Unusual Conditions,Dawn / Dusk,Y,N,N,N,N,N,N,N,N,Passenger Car,Unknown,Making Left Turn,Unknown,Unknown,N,N,N,N,N,Y,N,N,Y,N,N,Proceeding Straight,Yes,Unknown,Unknown,N,N,N,Y,N,N,Y,N,N,N,N,N,At or Below Limit,Medium
2024,11,19,Tesla Model 3 2023,Consumer,Tustin,CA,Intersection,Dry,No Unusual Conditions,Daylight,Y,N,N,N,N,N,N,N,N,Unknown,Unknown,Unknown,Unknown,Unknown,N,N,N,N,N,N,N,N,N,N,Y,Making Left Turn,Yes,Unknown,Unknown,N,N,N,N,N,N,N,N,N,N,N,Y,At or Below Limit,Medium
2024,10,23,Tesla Model 3 2020,Consumer,San Jose,CA,Highway / Freeway,Dry,No Unusual Conditions,Daylight,Y,N,N,N,N,N,N,N,N,Unknown,Unknown,Unknown,Unknown,Unknown,N,N,N,N,N,N,N,N,N,N,Y,Proceeding Straight,No,Yes,Unknown,N,N,N,N,N,N,N,N,N,N,N,Y,At or Below Limit,High
2024,11,3,Tesla Model Y 2023,Consumer,Redlands,CA,Highway / Freeway,Dry,Unknown,Dark - Not Lighted,Y,N,N,N,N,N,N,N,N,Unknown,Unknown,Unknown,Unknown,Unknown,N,N,N,N,N,N,N,N,N,N,Y,Unknown,Yes,Unknown,Unknown,N,N,N,N,N,N,N,N,N,N,N,Y,Slightly Over,High