Year,Month,Hour,Vehicle,Driver / Operator Type,City,State,Roadway Type,Roadway Surface,Roadway Description,Lighting,Weather - Clear,Weather - Snow,Weather - Cloudy,Weather - Fog/Smoke,Weather - Rain,Weather - Severe Wind,Weather - Unknown,Weather - Other,Weather - Other Text,Crash With,Highest Injury Severity Alleged,CP Pre-Crash Movement,CP Any Air Bags Deployed?,CP Was Vehicle Towed?,CP Contact Area - Rear Left,CP Contact Area - Left,CP Contact Area - Front Left,CP Contact Area - Rear,CP Contact Area - Top,CP Contact Area - Front,CP Contact Area - Rear Right,CP Contact Area - Right,CP Contact Area - Front Right,CP Contact Area - Bottom,CP Contact Area - Unknown,SV Pre-Crash Movement,SV Any Air Bags Deployed?,SV Was Vehicle Towed?,SV Were All Passengers Belted?,SV Pre-crash Speed - Unknown,SV Contact Area - Rear Left,SV Contact Area - Left,SV Contact Area - Front Left,SV Contact Area - Rear,SV Contact Area - Top,SV Contact Area - Front,SV Contact Area - Rear Right,SV Contact Area - Right,SV Contact Area - Front Right,SV Contact Area - Bottom,SV Contact Area - Unknown,Speed Difference Category,Mileage Category
2023,11,1,Tesla Model 3 2023,Consumer,Cherry Valley,CA,Intersection,Dry,No Unusual Conditions,Dawn / Dusk,Y,N,N,N,N,N,N,N,N,Passenger Car,Unknown,Making Left Turn,Yes,Unknown,N,N,N,N,N,N,Y,Y,Y,N,N,"Other, see Narrative",Yes,Unknown,Unknown,N,N,N,Y,N,N,Y,N,N,Y,N,N,At or Below Limit,Low
2023,10,18,Tesla Model 3 2023,Consumer,Lake Elsinore,CA,Highway / Freeway,Dry,Unknown,Daylight,Y,N,N,N,N,N,N,N,N,Unknown,Unknown,Unknown,Unknown,Unknown,N,N,N,N,N,N,N,N,N,N,Y,Proceeding Straight,Yes,Unknown,Unknown,N,N,N,N,N,N,N,N,N,N,N,Y,At or Below Limit,Medium
2023,10,4,Tesla Model 3 2023,Consumer,Long Beach,CA,Highway / Freeway,Dry,No Unusual Conditions,Dark - Lighted,Y,N,N,N,N,N,N,N,N,Passenger Car,Unknown,"Other, see Narrative",Unknown,Unknown,N,N,N,N,N,Y,N,N,Y,N,N,Proceeding Straight,Yes,Unknown,Unknown,N,Y,Y,N,Y,N,N,N,N,N,N,N,At or Below Limit,Medium
2023,10,17,Tesla Model 3 2018,Consumer,Livermore,CA,Unknown,Unknown,Unknown,Unknown,N,N,N,N,N,N,Y,N,N,Unknown,Unknown,Unknown,Unknown,Unknown,N,N,N,N,N,N,N,N,N,N,Y,Proceeding Straight,Yes,Unknown,Unknown,N,N,N,N,N,N,N,N,N,N,N,Y,At or Below Limit,High
2023,10,5,Tesla Model 3 2020,Consumer,Oakland,CA,Highway / Freeway,Dry,No Unusual Conditions,Dark - Lighted,Y,N,N,N,N,N,N,N,N,SUV,Unknown,Lane / Road Departure,Unknown,Unknown,N,N,N,N,N,N,Y,Y,Y,N,N,Proceeding Straight,No,Yes,Unknown,N,Y,Y,Y,N,N,N,N,N,N,N,N,Slightly Over,High
2023,10,2,Tesla Model 3 2023,Consumer,Sunnyvale,CA,Street,Dry,No Unusual Conditions,Dark - Lighted,Y,N,N,N,N,N,N,N,N,SUV,Unknown,Proceeding Straight,Unknown,Unknown,N,N,N,N,N,N,Y,Y,N,N,N,"Other, see Narrative",No,Yes,Unknown,N,N,N,N,N,N,N,N,Y,Y,N,N,At or Below Limit,Low
2023,10,12,Tesla Model S 2023,Consumer,Los Altos Hills,CA,Highway / Freeway,Dry,No Unusual Conditions,Dark - Not Lighted,Y,N,N,N,N,N,N,N,N,Animal,Unknown,"Other, see Narrative",Unknown,Unknown,N,N,N,N,N,N,N,N,N,N,N,Proceeding Straight,No,Yes,Unknown,N,N,N,Y,N,N,Y,N,N,Y,N,N,At or Below Limit,Medium
2023,10,8,Tesla Model 3 2018,Consumer,San Carlos,CA,Highway / Freeway,Dry,No Unusual Conditions,Dark - Not Lighted,Y,N,N,N,N,N,N,N,N,Animal,Unknown,Entering Traffic,Unknown,Unknown,N,N,N,N,N,N,N,N,N,N,N,Proceeding Straight,Yes,Unknown,Unknown,N,N,N,Y,N,N,Y,N,N,Y,N,N,Moderately Over,High
2023,9,5,Chevrolet Bolt EUV 2023,Consumer,San Bernardino,CA,Highway / Freeway,Dry,No Unusual Conditions,Dark - Not Lighted,Y,N,N,N,N,N,N,N,N,Other Fixed Object,Minor,Unknown,Unknown,Unknown,N,N,N,N,N,N,N,N,N,N,N,Lane / Road Departure,No,Yes,"No, see Narrative",N,N,N,Y,N,N,N,N,N,N,N,N,At or Below Limit,High
2023,10,10,Tesla Model Y 2020,Consumer,Los Angeles,CA,Highway / Freeway,Dry,No Unusual Conditions,Dark - Lighted,Y,N,N,N,N,N,N,N,N,Other Fixed Object,Unknown,Unknown,Unknown,Unknown,N,N,N,N,N,N,N,N,N,N,N,Proceeding Straight,Yes,Unknown,Unknown,N,N,N,N,N,N,N,Y,Y,Y,N,N,Slightly Over,Very High
2023,10,4,Tesla Model Y 2023,Consumer,San Mateo,CA,Highway / Freeway,Dry,No Unusual Conditions,Dark - Lighted,Y,N,N,N,N,N,N,N,N,Animal,Unknown,"Other, see Narrative",Unknown,Unknown,N,N,N,N,N,N,N,N,N,N,N,Proceeding Straight,Yes,Unknown,Unknown,N,N,N,Y,N,N,Y,N,N,Y,N,N,Moderately Over,Low
2023,10,23,Tesla Model X 2022,Consumer,Glendale,CA,Highway / Freeway,Dry,No Unusual Conditions,Daylight,Y,N,N,N,N,N,N,N,N,Passenger Car,Unknown,Proceeding Straight,Unknown,Unknown,Y,Y,Y,N,N,N,N,N,N,N,N,"Other, see Narrative",Yes,Unknown,Unknown,N,N,N,N,N,N,N,N,Y,Y,N,N,At or Below Limit,Medium
2023,9,7,Tesla Model S 2022,Consumer,Santa Monica,CA,Street,Dry,No Unusual Conditions,Dark - Lighted,Y,N,N,N,N,N,N,N,N,Other Fixed Object,Unknown,Unknown,Unknown,Unknown,N,N,N,N,N,N,N,N,N,N,N,Proceeding Straight,Yes,Unknown,Unknown,N,N,N,Y,N,N,Y,N,N,Y,Y,N,Moderately Over,High
2023,9,12,Tesla Model 3 2023,Consumer,Livermore,CA,Highway / Freeway,Dry,No Unusual Conditions,Dark - Lighted,Y,N,N,N,N,N,N,N,N,Passenger Car,Unknown,"Other, see Narrative",Unknown,Unknown,N,N,N,N,N,N,N,N,N,N,Y,Proceeding Straight,Yes,Unknown,Unknown,N,N,N,Y,N,N,Y,N,N,Y,N,N,Moderately Over,Medium
2023,9,17,Tesla Model 3 2019,Consumer,Sacramento,CA,Highway / Freeway,Dry,No Unusual Conditions,Daylight,Y,N,N,N,N,N,N,N,N,Passenger Car,Unknown,Changing Lanes,Unknown,Unknown,N,N,N,Y,N,N,Y,N,N,N,N,Proceeding Straight,Yes,Unknown,Unknown,N,N,N,Y,N,N,Y,N,N,Y,N,N,Slightly Over,Very High
2023,9,16,Tesla Model Y 2023,Consumer,Hayward Acres,CA,Highway / Freeway,Dry,No Unusual Conditions,Daylight,Y,N,N,N,N,N,N,N,N,Van,Unknown,Proceeding Straight,Unknown,Unknown,N,N,Y,N,N,Y,N,N,Y,N,N,"Other, see Narrative",Unknown,Yes,Unknown,N,Y,N,N,Y,N,N,Y,N,N,N,N,At or Below Limit,Medium
2023,9,2,Tesla Model Y 2022,Consumer,Mission Viejo,CA,Highway / Freeway,Dry,Missing / Degraded Markings,Daylight,N,N,Y,N,N,N,N,N,N,Other Fixed Object,Unknown,Unknown,Unknown,Unknown,N,N,N,N,N,N,N,N,N,N,N,Proceeding Straight,Unknown,Yes,Unknown,N,Y,Y,Y,N,N,N,N,N,N,N,N,Slightly Over,Medium
2023,9,1,Tesla Model 3 2022,Consumer,Halloran Springs,CA,Unknown,Unknown,Unknown,Unknown,N,N,N,N,N,N,Y,N,N,Unknown,Unknown,Unknown,Unknown,Unknown,N,N,N,N,N,N,N,N,N,N,Y,Proceeding Straight,Yes,Unknown,Unknown,N,N,N,N,N,N,N,N,N,N,N,Y,Slightly Over,High
2023,9,0,Tesla Model 3 2019,Consumer,Mountain View,CA,Highway / Freeway,Dry,No Unusual Conditions,Daylight,Y,N,N,N,N,N,N,N,N,Passenger Car,Unknown,"Other, see Narrative",Unknown,Unknown,Y,N,N,Y,N,N,Y,N,N,N,N,Proceeding Straight,Yes,Unknown,Unknown,N,N,N,Y,N,N,Y,N,N,Y,N,N,At or Below Limit,Medium
2023,9,7,Tesla Model 3 2023,Consumer,Rancho Santa Margarita,CA,Intersection,Dry,No Unusual Conditions,Dark - Lighted,Y,N,N,N,N,N,N,N,N,First Responder Vehicle,Unknown,Proceeding Straight,Unknown,Unknown,N,N,N,N,N,N,Y,Y,N,N,N,Proceeding Straight,Yes,Unknown,Unknown,N,N,N,Y,N,N,Y,N,N,Y,N,N,At or Below Limit,Medium
2023,9,9,Tesla Model Y 2023,Consumer,Los Angeles,CA,Intersection,Unknown,No Unusual Conditions,Dark - Lighted,N,N,Y,N,Y,N,N,N,N,SUV,Unknown,"Other, see Narrative",Unknown,Unknown,N,N,N,N,N,N,Y,Y,Y,N,N,Proceeding Straight,Yes,Unknown,Unknown,N,N,N,Y,N,N,Y,N,N,Y,N,N,At or Below Limit,Low
2023,8,11,Tesla Model Y 2023,Consumer,Brentwood,CA,Intersection,Dry,No Unusual Conditions,Dark - Lighted,Y,N,N,N,N,N,N,N,N,Other Fixed Object,Unknown,Unknown,Unknown,Unknown,N,N,N,N,N,N,N,N,N,N,N,Proceeding Straight,Yes,Unknown,Unknown,N,N,N,Y,N,N,Y,N,N,Y,Y,N,At or Below Limit,Medium
2023,8,7,Tesla Model Y 2022,Consumer,Los Angeles,CA,Highway / Freeway,Dry,No Unusual Conditions,Dark - Lighted,Y,N,N,N,N,N,N,N,N,Other Fixed Object,Unknown,Unknown,Unknown,Unknown,N,N,N,N,N,N,N,N,N,N,N,Proceeding Straight,Yes,Unknown,Unknown,N,Y,Y,Y,N,N,N,N,N,N,N,N,Slightly Over,Medium
2023,8,17,Tesla Model Y 2022,Consumer,Mission Viejo,CA,Highway / Freeway,Dry,Missing / Degraded Markings,Daylight,Y,N,N,N,N,N,N,N,N,Other Fixed Object,Unknown,Unknown,Unknown,Unknown,N,N,N,N,N,N,N,N,N,N,N,Proceeding Straight,Yes,Unknown,Unknown,N,Y,Y,Y,N,N,Y,N,N,N,N,N,At or Below Limit,High
2023,8,9,Tesla Model Y 2023,Consumer,Los Angeles,CA,Highway / Freeway,Dry,"Other, see Narrative",Dark - Lighted,Y,N,N,N,N,N,N,N,N,Passenger Car,Unknown,"Other, see Narrative",Unknown,Unknown,N,N,Y,N,N,Y,N,N,Y,N,N,Proceeding Straight,Yes,Unknown,Unknown,N,N,N,Y,N,N,Y,N,N,Y,N,N,Slightly Over,Medium
2023,8,1,Tesla Model 3 2018,Consumer,Burbank,CA,Unknown,Unknown,Unknown,Unknown,N,N,N,N,N,N,Y,N,N,Unknown,Unknown,Unknown,Unknown,Unknown,N,N,N,N,N,N,N,N,N,N,Y,Proceeding Straight,Yes,Unknown,Unknown,N,N,N,N,N,N,N,N,N,N,N,Y,At or Below Limit,Very High
2023,8,18,Tesla Model Y 2021,Consumer,San Diego,CA,Street,Dry,No Unusual Conditions,Daylight,Y,N,N,N,N,N,N,N,N,Other Fixed Object,Unknown,Unknown,Unknown,Unknown,N,N,N,N,N,N,N,N,N,N,N,Proceeding Straight,Yes,Unknown,Unknown,N,Y,Y,Y,N,N,N,N,N,N,N,N,Slightly Over,High
2023,8,10,Tesla Model 3 2020,Consumer,Edgemont,CA,Highway / Freeway,Dry,No Unusual Conditions,Dark - Lighted,Y,N,N,N,N,N,N,N,N,Other Fixed Object,Unknown,Unknown,Unknown,Unknown,N,N,N,N,N,N,N,N,N,N,N,Proceeding Straight,Yes,Unknown,Unknown,N,N,N,Y,N,N,Y,N,Y,Y,Y,N,Slightly Over,Very High
2023,8,10,Tesla Model 3 2022,Consumer,San Mateo,CA,Highway / Freeway,Dry,No Unusual Conditions,Dark - Lighted,Y,N,N,N,N,N,N,N,N,Passenger Car,Unknown,"Other, see Narrative",Unknown,Unknown,N,N,N,N,N,Y,N,N,Y,N,N,Proceeding Straight,Yes,Unknown,Unknown,N,Y,Y,N,N,N,N,N,N,N,N,N,Moderately Over,High
2023,8,14,Tesla Model Y 2023,Consumer,Brea,CA,Highway / Freeway,Dry,No Unusual Conditions,Daylight,Y,N,N,N,N,N,N,N,N,Pickup Truck,Unknown,Proceeding Straight,Unknown,Unknown,N,N,Y,N,N,Y,N,N,Y,N,N,"Other, see Narrative",Unknown,Yes,Unknown,N,Y,N,N,Y,N,N,Y,N,N,N,N,At or Below Limit,Medium
2023,7,2,Tesla Model 3 2022,Consumer,Morro Bay,CA,Highway / Freeway,Dry,Traffic Incident,Daylight,Y,N,N,N,N,N,N,N,N,Passenger Car,Unknown,"Other, see Narrative",Unknown,Unknown,N,N,N,N,N,Y,N,Y,Y,N,N,"Other, see Narrative",Yes,Unknown,Unknown,N,N,N,Y,N,N,Y,N,N,Y,N,N,At or Below Limit,High
2023,7,12,Tesla Model 3 2020,Consumer,Fremont,CA,Highway / Freeway,Dry,Unknown,Dark - Lighted,Y,N,N,N,N,N,N,N,N,Other Fixed Object,Unknown,Unknown,Unknown,Unknown,N,N,N,N,N,N,N,N,N,N,N,Proceeding Straight,Yes,Unknown,Unknown,N,N,N,Y,N,N,Y,N,N,Y,Y,N,At or Below Limit,High
2023,7,11,Tesla Model Y 2023,Consumer,San Diego,CA,Highway / Freeway,Dry,No Unusual Conditions,Dark - Lighted,N,N,Y,N,N,N,N,N,N,Other Fixed Object,Unknown,Unknown,Unknown,Unknown,N,N,N,N,N,N,N,N,N,N,N,Proceeding Straight,Yes,Unknown,Unknown,N,Y,Y,Y,N,N,Y,N,N,N,N,N,At or Below Limit,Low
2023,7,7,Tesla Model X 2022,Consumer,Los Angeles,CA,Highway / Freeway,Dry,Unknown,Dark - Not Lighted,Y,N,N,N,N,N,N,N,N,Unknown,Unknown,Unknown,Unknown,Unknown,N,N,N,N,N,N,N,N,N,N,Y,Proceeding Straight,Yes,Unknown,Unknown,N,N,N,N,N,N,N,N,N,N,N,Y,At or Below Limit,Medium
2023,7,7,Tesla Model Y 2022,Consumer,Fresno,CA,Street,Dry,No Unusual Conditions,Dark - Lighted,Y,N,N,N,N,N,N,N,N,Other Fixed Object,Unknown,Unknown,Unknown,Unknown,N,N,N,N,N,N,N,N,N,N,N,Proceeding Straight,No,Yes,Unknown,N,Y,N,Y,N,N,N,N,N,N,N,N,At or Below Limit,Medium
2023,7,17,Tesla Model 3 2018,Consumer,Sunol,CA,Unknown,Unknown,Unknown,Unknown,N,N,N,N,N,N,Y,N,N,Unknown,Unknown,Unknown,Unknown,Unknown,N,N,N,N,N,N,N,N,N,N,Y,Proceeding Straight,Yes,Unknown,Unknown,N,N,N,N,N,N,N,N,N,N,N,Y,At or Below Limit,High
2023,7,18,Tesla Model Y 2022,Consumer,Irvine,CA,Highway / Freeway,Dry,No Unusual Conditions,Daylight,Y,N,N,N,N,N,N,N,N,Other Fixed Object,Unknown,Unknown,Unknown,Unknown,N,N,N,N,N,N,N,N,N,N,N,Proceeding Straight,Yes,Unknown,Unknown,N,Y,Y,Y,N,N,Y,N,N,N,N,N,Moderately Over,High
2023,7,21,Tesla Model Y 2023,Consumer,Bivalve,CA,Highway / Freeway,Unknown,Unknown,Unknown,N,N,N,N,N,N,Y,N,N,Unknown,Unknown,Unknown,Unknown,Unknown,N,N,N,N,N,N,N,N,N,N,Y,Proceeding Straight,Yes,Unknown,Unknown,N,N,N,N,N,N,N,N,N,N,N,Y,At or Below Limit,Low
2023,6,1,Tesla Model 3 2019,Consumer,Los Angeles,CA,Highway / Freeway,Dry,Unknown,Daylight,Y,N,N,N,N,N,N,N,N,Passenger Car,Unknown,Proceeding Straight,Unknown,Unknown,N,N,Y,N,N,Y,N,N,Y,N,N,"Other, see Narrative",Yes,Unknown,Unknown,N,Y,N,N,Y,N,N,Y,N,N,N,N,At or Below Limit,Very High
2023,6,9,Tesla Model 3 2019,Consumer,Long Beach,CA,Street,Dry,No Unusual Conditions,Dark - Lighted,Y,N,N,N,N,N,N,N,N,Other Fixed Object,Unknown,Unknown,Unknown,Unknown,N,N,N,N,N,N,N,N,N,N,N,Proceeding Straight,Yes,Unknown,Unknown,N,N,N,Y,N,N,Y,N,N,Y,Y,N,At or Below Limit,High
2023,6,6,Tesla Model 3 2019,Consumer,FIllmore,CA,Highway / Freeway,Dry,No Unusual Conditions,Dark - Not Lighted,Y,N,N,N,N,N,N,N,N,Passenger Car,Unknown,Traveling Wrong Way,Unknown,Unknown,N,N,Y,N,N,Y,N,N,Y,N,N,Proceeding Straight,Yes,Unknown,Unknown,N,N,N,N,N,N,N,Y,Y,Y,N,N,At or Below Limit,High
2023,6,0,Tesla Model S 2022,Consumer,Garden Grove,CA,Street,Dry,Unknown,Daylight,N,N,Y,N,N,N,N,N,N,Unknown,Unknown,Unknown,Unknown,Unknown,N,N,N,N,N,N,N,N,N,N,Y,Proceeding Straight,Yes,Unknown,Unknown,N,N,N,N,N,N,N,N,N,N,N,Y,Slightly Over,Medium
2023,6,6,Tesla Model 3 2022,Consumer,Long Beach,CA,Unknown,Unknown,Unknown,Unknown,N,N,N,N,N,N,Y,N,N,Unknown,Unknown,Unknown,Unknown,Unknown,N,N,N,N,N,N,N,N,N,N,Y,Proceeding Straight,Yes,Unknown,Unknown,N,N,N,N,N,N,N,N,N,N,N,Y,At or Below Limit,Medium
2023,6,7,Tesla Model 3 2023,Consumer,Los Angeles,CA,Street,Dry,Unknown,Dark - Lighted,N,N,Y,N,N,N,N,N,N,Unknown,Unknown,Unknown,Unknown,Unknown,N,N,N,N,N,N,N,N,N,N,Y,Proceeding Straight,Yes,Unknown,Unknown,N,N,N,N,N,N,N,N,N,N,N,Y,At or Below Limit,Low
2023,6,19,Tesla Model 3 2022,Consumer,Simi Valley,CA,Intersection,Dry,No Unusual Conditions,Daylight,N,N,Y,N,N,N,N,N,N,Other Fixed Object,Unknown,Unknown,Unknown,Unknown,N,N,N,N,N,N,N,N,N,N,N,Proceeding Straight,No,Yes,Unknown,N,N,N,Y,N,N,Y,N,N,Y,Y,N,At or Below Limit,Medium
2023,5,7,Tesla Model Y 2023,Consumer,Danville,CA,Highway / Freeway,Dry,No Unusual Conditions,Dark - Lighted,Y,N,N,N,N,N,N,N,N,Passenger Car,Unknown,"Other, see Narrative",Unknown,Unknown,N,Y,Y,N,N,N,N,N,N,N,N,Proceeding Straight,Yes,Unknown,Unknown,N,N,N,Y,N,N,Y,N,N,Y,N,N,At or Below Limit,Low
2023,5,1,Tesla Model 3 2023,Consumer,Malibu,CA,Highway / Freeway,Unknown,Unknown,Unknown,N,N,N,N,N,N,Y,N,N,Unknown,Unknown,Unknown,Unknown,Unknown,N,N,N,N,N,N,N,N,N,N,Y,Proceeding Straight,Yes,Unknown,Unknown,N,N,N,N,N,N,N,N,N,N,N,Y,Slightly Over,Low
2023,5,4,Tesla Model 3 2018,Consumer,Napa,CA,Intersection,Dry,No Unusual Conditions,Dawn / Dusk,Y,N,N,N,N,N,N,N,N,Passenger Car,Unknown,Proceeding Straight,Yes,Unknown,N,N,Y,N,N,Y,N,N,Y,N,N,Making Left Turn,Yes,Unknown,Unknown,N,N,N,N,N,N,N,Y,Y,Y,N,N,At or Below Limit,Very High
2023,5,6,Toyota Corolla Hybrid 2022,Consumer,Elk Grove,CA,Highway / Freeway,Unknown,Unknown,Unknown,N,N,N,N,N,N,Y,N,N,Other Fixed Object,Unknown,Unknown,Unknown,Unknown,N,N,N,N,N,N,N,N,N,N,N,Proceeding Straight,Yes,Yes,Unknown,N,Y,Y,Y,Y,Y,Y,Y,Y,Y,Y,N,Slightly Over,High
2023,2,22,Chevrolet Bolt EUV 2022,Consumer,San Jose,CA,Highway / Freeway,Dry,No Unusual Conditions,Dark - Unknown Lighting,N,N,Y,N,N,N,N,N,N,Unknown,Unknown,Unknown,Unknown,Unknown,N,N,N,N,N,N,N,N,N,N,Y,Unknown,Yes,Unknown,Yes,N,N,N,N,N,N,Y,N,N,N,N,N,At or Below Limit,Low
2023,1,7,Lucid Air 2022,Consumer,Los Alamitos,CA,Highway / Freeway,Dry,No Unusual Conditions,Dawn / Dusk,Y,N,N,N,N,N,N,N,N,Passenger Car,Unknown,Unknown,Unknown,Unknown,N,N,N,N,N,N,N,N,N,N,Y,Unknown,No,Yes,Yes,N,N,N,Y,N,N,Y,N,N,Y,N,N,At or Below Limit,Low
2022,10,8,Subaru Forester 2021,Consumer,San Louis Obispo,CA,Highway / Freeway,Dry,Unknown,Daylight,Y,N,N,N,N,N,N,Y,Windy,Passenger Car,Unknown,Proceeding Straight,Unknown,Unknown,Y,N,N,N,N,N,N,N,N,N,N,Proceeding Straight,Yes,Yes,Yes,N,N,N,N,N,Y,N,N,N,Y,N,N,At or Below Limit,High
2022,9,13,Kia EV6 2022,Consumer,Commerce,CA,Highway / Freeway,Dry,No Unusual Conditions,Daylight,N,N,Y,N,N,N,N,N,N,SUV,No Injuries Reported,Proceeding Straight,Unknown,No,N,N,N,Y,N,N,N,N,N,N,N,Proceeding Straight,No,Yes,Yes,N,N,N,Y,N,N,Y,N,N,Y,N,N,At or Below Limit,Low
2022,9,18,Mercedes-Benz S-Class 2021,In-Vehicle (Commercial / Test),San Jose,CA,Street,Dry,No Unusual Conditions,Daylight,Y,N,N,N,N,N,N,N,N,SUV,No Injuries Reported,Parked,No,No,N,N,N,Y,N,N,N,N,N,N,N,Parking Maneuver,No,No,Yes,N,N,N,N,N,N,Y,N,N,N,N,N,At or Below Limit,Low
2022,9,18,Mercedes-Benz S-Class 2021,In-Vehicle (Commercial / Test),San Jose,CA,Street,Dry,No Unusual Conditions,Daylight,Y,N,N,N,N,N,N,N,N,SUV,No Injuries Reported,Parked,No,No,N,N,N,Y,N,N,N,N,N,N,N,Parking Maneuver,No,No,Yes,N,N,N,N,N,N,Y,N,N,N,N,N,At or Below Limit,Low
2021,11,22,Lucid Motors Dream/Prototype 2022,In-Vehicle (Commercial / Test),Newark,CA,Highway / Freeway,Dry,No Unusual Conditions,Dark - Not Lighted,Y,N,N,N,N,N,N,N,N,Passenger Car,No Injuries Reported,Stopped,Unknown,Yes,Y,N,N,N,N,N,N,N,N,N,N,Proceeding Straight,Yes,Yes,Yes,N,N,N,N,N,N,N,N,N,Y,N,N,Slightly Over,Low
2021,10,7,Subaru Forester 2021,Consumer,Dog Town,CA,Highway / Freeway,Dry,No Unusual Conditions,Dawn / Dusk,Y,N,N,N,N,N,N,N,N,Animal,Minor,Unknown,Unknown,Unknown,N,N,N,N,N,N,N,N,N,N,N,Proceeding Straight,Yes,Yes,Yes,N,N,N,N,N,N,N,N,N,N,N,Y,Slightly Over,Medium
2021,10,16,Subaru Forester 2021,Consumer,Riverside,CA,Highway / Freeway,Dry,No Unusual Conditions,Daylight,Y,N,N,N,N,N,N,N,N,Passenger Car,Minor,Stopped,Unknown,Yes,Y,N,N,Y,N,N,Y,N,N,N,N,Proceeding Straight,Yes,Yes,Yes,N,N,N,Y,N,N,Y,N,N,Y,N,N,Slightly Over,Medium
2021,8,22,Tesla Model 3 2019,Consumer,Richmond,CA,Highway / Freeway,Dry,No Unusual Conditions,Daylight,Y,N,N,N,N,N,N,N,N,Passenger Car,Unknown,Proceeding Straight,Unknown,Unknown,Y,N,N,Y,N,N,N,N,N,N,N,Proceeding Straight,Yes,Unknown,Unknown,N,N,N,N,N,N,Y,N,N,N,N,N,At or Below Limit,Medium
2021,8,9,Tesla Model 3 2018,Consumer,Thousand Oaks,CA,Intersection,Dry,No Unusual Conditions,Dark - Lighted,Y,N,N,N,N,N,N,N,N,Other Fixed Object,Unknown,Unknown,Unknown,Unknown,N,N,N,N,N,N,N,N,N,N,N,Proceeding Straight,Yes,Unknown,Yes,N,N,N,N,N,N,Y,N,N,N,N,N,At or Below Limit,High
2021,8,2,Tesla Model Y 2021,Consumer,Torrance,CA,Intersection,Dry,No Unusual Conditions,Daylight,Y,N,N,N,N,N,N,N,N,Pole / Tree,Unknown,Unknown,Unknown,Unknown,N,N,N,N,N,N,N,N,N,N,N,Making Left Turn,Yes,Unknown,Yes,N,N,N,N,N,N,Y,N,N,N,N,N,At or Below Limit,Low